,timestamp,accel_x,accel_y,accel_z,gyro_x,gyro_y,gyro_z
0,1695741346299,-0.026367188,-0.9927368,0.06707764,-2.375,0.46875,-0.65625
1,1695741346339,-0.040283203,-0.9990845,0.06536865,-3.46875,0.609375,-1.65625
2,1695741346378,-0.045654297,-0.99102783,0.07879639,-0.84375,0.234375,-0.3125
3,1695741346420,-0.025390625,-0.99420166,0.078063965,-2.234375,0.5625,-0.421875
4,1695741346459,-0.030517578,-0.9976196,0.06732178,-1.015625,-1.0625,-0.640625
5,1695741346501,-0.036132812,-0.99298096,0.07513428,-1.375,-0.421875,-0.484375
6,1695741346539,-0.032226562,-0.9985962,0.07952881,-1.90625,0.640625,-0.546875
7,1695741346579,-0.03125,-0.99053955,0.074645996,-0.953125,-0.3125,-0.21875
8,1695741346620,-0.03881836,-0.9944458,0.062438965,-1.078125,-0.40625,-0.265625
9,1695741346659,-0.03466797,-0.99835205,0.08465576,-0.984375,0.453125,-0.5625
10,1695741346699,-0.034423828,-0.99957275,0.07562256,-1.25,-0.578125,-0.46875
11,1695741346739,-0.03930664,-0.9920044,0.08514404,-1.1875,-0.015625,-0.046875
12,1695741346779,-0.03955078,-0.9973755,0.07611084,-1.40625,0.171875,-0.5625
13,1695741346819,-0.0390625,-0.9944458,0.07098389,-0.734375,-1.265625,-0.234375
14,1695741346859,-0.03125,-0.986145,0.078552246,-3.203125,-0.203125,-1.28125
15,1695741346899,-0.037841797,-0.9998169,0.09295654,-0.5625,0.515625,-0.1875
16,1695741346940,-0.039794922,-0.9951782,0.08465576,-0.21875,-0.46875,-0.21875
17,1695741346979,-0.04296875,-0.99664307,0.0692749,-1.171875,-0.71875,-0.59375
18,1695741347019,-0.03930664,-0.99224854,0.093688965,-1.03125,0.515625,-0.46875
19,1695741347059,-0.03515625,-0.9939575,0.093933105,-0.734375,-0.0625,-0.59375
20,1695741347102,-0.04663086,-0.99005127,0.078552246,-1.125,-0.640625,-0.734375
21,1695741347139,-0.043701172,-0.99884033,0.08270264,-1.21875,0.046875,-0.640625
22,1695741347179,-0.03881836,-0.99884033,0.08758545,-1.515625,0.09375,-0.625
23,1695741347220,-0.041992188,-1.000061,0.0836792,-1.296875,-0.5,-1.09375
24,1695741347259,-0.042236328,-0.99053955,0.090270996,-1.484375,1.359375,-0.71875
25,1695741347300,-0.040527344,-0.99176025,0.08807373,-0.390625,0.109375,-0.6875
26,1695741347341,-0.052734375,-0.9963989,0.08416748,-0.65625,-0.3125,-0.484375
27,1695741347380,-0.029541016,-0.9924927,0.09197998,-1.578125,0.046875,-0.8125
28,1695741347419,-0.051757812,-1.0010376,0.08880615,-1.6875,-0.265625,-0.921875
29,1695741347461,-0.041259766,-1.0064087,0.10076904,0.171875,-0.5,-0.4375
30,1695741347500,-0.044921875,-0.9968872,0.0848999,-1.71875,0.71875,-0.6875
31,1695741347523,-0.04638672,-0.9890747,0.09173584,-0.875,-0.078125,-0.546875
32,1695741347561,-0.03564453,-0.9981079,0.09442139,-0.828125,0.25,-0.625
33,1695741347600,-0.0546875,-0.99468994,0.093688965,-0.875,0.09375,-0.578125
34,1695741347639,-0.045410156,-0.99224854,0.08905029,-0.8125,-0.109375,-0.21875
35,1695741347680,-0.043945312,-0.9985962,0.09515381,-0.75,-0.15625,-0.546875
36,1695741347719,-0.046142578,-0.991272,0.097839355,-0.40625,-0.40625,-0.375
37,1695741347759,-0.053710938,-0.99468994,0.08782959,-1.3125,0.21875,-0.46875
38,1695741347801,-0.047607422,-0.9990845,0.09466553,-0.828125,-0.09375,-0.25
39,1695741347840,-0.048339844,-0.9949341,0.098083496,-0.765625,0.1875,-0.546875
40,1695741347879,-0.04296875,-0.9932251,0.09246826,-0.875,-0.46875,0.078125
41,1695741347919,-0.045898438,-0.99053955,0.09051514,-2.015625,0.0,-0.671875
42,1695741347959,-0.057861328,-0.99884033,0.105163574,0.09375,0.046875,-0.28125
43,1695741347998,-0.051757812,-0.9981079,0.090026855,-0.8125,0.0625,-0.296875
44,1695741348040,-0.04638672,-0.991272,0.089538574,-0.640625,0.078125,-0.25
45,1695741348080,-0.043945312,-1.0005493,0.10687256,-0.859375,0.203125,-0.234375
46,1695741348119,-0.047607422,-1.0005493,0.0914917,-0.75,0.140625,-0.34375
47,1695741348159,-0.055419922,-0.99957275,0.09539795,-0.5,0.265625,-0.078125
48,1695741348200,-0.052246094,-1.0005493,0.08831787,-0.5,-0.34375,0.03125
49,1695741348238,-0.04736328,-0.99468994,0.09613037,-0.4375,-0.046875,-0.375
50,1695741348280,-0.044189453,-0.9985962,0.093933105,0.375,-0.203125,-0.296875
51,1695741348319,-0.048095703,-0.9993286,0.09710693,-0.15625,-0.234375,0.109375
52,1695741348359,-0.042236328,-0.9920044,0.0914917,0.015625,0.546875,-0.3125
53,1695741348400,-0.053955078,-0.98394775,0.08026123,1.546875,-0.15625,0.1875
54,1695741348440,-0.047851562,-0.99542236,0.090026855,-1.359375,0.609375,-0.453125
55,1695741348479,-0.055419922,-0.98931885,0.08782959,-0.046875,0.359375,-0.140625
56,1695741348520,-0.04248047,-0.99102783,0.09197998,0.34375,0.15625,0.0
57,1695741348559,-0.045654297,-0.9949341,0.08050537,-1.015625,1.28125,-0.46875
58,1695741348599,-0.048583984,-0.99957275,0.093688965,-0.796875,0.546875,-0.265625
59,1695741348640,-0.041015625,-0.9985962,0.097839355,-1.15625,0.28125,-0.28125
60,1695741348685,-0.036865234,-0.9937134,0.086364746,-0.109375,0.171875,-0.109375
61,1695741348741,-0.045654297,-0.99053955,0.086120605,-0.421875,0.765625,0.0
62,1695741348761,-0.050048828,-0.9939575,0.08270264,-0.546875,0.171875,-0.25
63,1695741348780,-0.04638672,-0.9993286,0.08758545,-0.546875,-0.375,-0.125
64,1695741348820,-0.037353516,-0.99053955,0.085876465,-0.5,0.515625,-0.15625
65,1695741348860,-0.041992188,-0.99664307,0.09197998,0.40625,-0.109375,-0.03125
66,1695741348900,-0.04321289,-0.9920044,0.085876465,0.125,0.09375,0.421875
67,1695741348942,-0.030517578,-0.9920044,0.08123779,-0.1875,0.015625,0.109375
68,1695741348980,-0.045898438,-0.9902954,0.06976318,-0.375,-0.328125,-0.03125
69,1695741349019,-0.0390625,-0.99298096,0.09710693,1.234375,0.34375,0.34375
70,1695741349059,-0.039794922,-1.003479,0.07171631,-0.109375,0.078125,-0.125
71,1695741349100,-0.04638672,-1.000061,0.07562256,0.46875,-0.25,0.015625
72,1695741349141,-0.033203125,-0.9976196,0.08514404,-0.09375,0.421875,-0.015625
73,1695741349182,-0.044921875,-0.9924927,0.07928467,0.859375,0.625,-0.34375
74,1695741349219,-0.04736328,-0.9963989,0.078063965,0.859375,0.171875,-0.046875
75,1695741349258,-0.03930664,-1.0007935,0.062194824,-0.484375,-0.09375,-0.28125
76,1695741349300,-0.037597656,-0.99542236,0.08099365,0.8125,1.046875,-0.03125
77,1695741349341,-0.038085938,-0.9873657,0.06463623,0.234375,0.109375,-0.296875
78,1695741349379,-0.041748047,-0.9939575,0.06903076,0.8125,0.140625,-0.265625
79,1695741349420,-0.041015625,-0.9944458,0.07098389,0.265625,1.390625,-0.15625
80,1695741349459,-0.032958984,-0.9907837,0.059020996,-0.5,0.15625,-0.1875
81,1695741349499,-0.04272461,-0.9956665,0.054870605,0.078125,0.625,-0.53125
82,1695741349540,-0.040039062,-0.99591064,0.07928467,0.9375,0.9375,0.0625
83,1695741349580,-0.03857422,-0.99957275,0.05218506,0.5625,0.625,-0.421875
84,1695741349624,-0.0390625,-0.99713135,0.066833496,0.265625,1.234375,-0.078125
85,1695741349680,-0.046875,-0.99224854,0.05657959,0.4375,0.3125,-0.1875
86,1695741349700,-0.04321289,-0.99468994,0.061950684,0.390625,0.625,-0.5
87,1695741349738,-0.052246094,-0.9973755,0.061950684,0.609375,1.21875,-0.140625
88,1695741349780,-0.040527344,-0.9902954,0.053894043,0.171875,0.375,-0.484375
89,1695741349819,-0.047607422,-0.99224854,0.050720215,0.25,0.5625,-0.421875
90,1695741349859,-0.044433594,-0.991272,0.057800293,0.609375,1.3125,-0.390625
91,1695741349899,-0.048339844,-0.99835205,0.043151855,0.578125,-0.5625,-0.46875
92,1695741349939,-0.04638672,-0.99468994,0.051940918,-0.015625,1.0625,-0.5
93,1695741349959,-0.03881836,-0.9951782,0.04876709,-0.859375,0.203125,-0.3125
94,1695741349999,-0.03857422,-0.9976196,0.04144287,0.015625,0.078125,-0.515625
95,1695741350080,-0.049316406,-0.9902954,0.058288574,0.984375,0.453125,-0.34375
96,1695741350083,-0.048583984,-0.9898071,0.02923584,-0.40625,-0.09375,-0.640625
97,1695741350119,-0.049560547,-0.9927368,0.049743652,0.078125,0.1875,-0.34375
98,1695741350159,-0.049804688,-0.9985962,0.046081543,0.25,-0.546875,-0.28125
99,1695741350200,-0.041259766,-0.99542236,0.038757324,-0.25,-0.265625,-0.546875
100,1695741350239,-0.043945312,-0.9956665,0.042907715,-0.03125,0.421875,-0.09375
101,1695741350279,-0.044677734,-0.9932251,0.040222168,-0.71875,-0.46875,-0.234375
102,1695741350319,-0.041503906,-0.99884033,0.042419434,0.171875,-0.046875,-0.28125
103,1695741350360,-0.045166016,-0.9920044,0.045837402,-0.828125,-0.421875,-0.34375
104,1695741350400,-0.049560547,-0.9973755,0.04486084,0.984375,-0.265625,-0.1875
105,1695741350440,-0.051513672,-1.0012817,0.039733887,-0.125,0.40625,0.03125
106,1695741350479,-0.038330078,-0.991272,0.0368042,-1.3125,0.21875,-0.03125
107,1695741350520,-0.04248047,-1.000061,0.039245605,0.265625,-0.046875,0.140625
108,1695741350559,-0.036621094,-0.9898071,0.03753662,0.609375,-0.546875,0.234375
109,1695741350600,-0.041992188,-0.98883057,0.026550293,-0.84375,-0.03125,-0.078125
110,1695741350639,-0.042236328,-1.0010376,0.036071777,-0.140625,0.140625,-0.09375
111,1695741350680,-0.036132812,-0.99346924,0.035339355,-0.234375,-0.703125,-0.140625
112,1695741350720,-0.035888672,-0.99835205,0.04046631,-0.328125,0.109375,-0.234375
113,1695741350780,-0.041259766,-0.99346924,0.034606934,-0.625,0.0625,-0.125
114,1695741350799,-0.03930664,-0.9993286,0.035339355,-0.921875,-0.453125,-0.28125
115,1695741350840,-0.031982422,-0.9973755,0.031433105,-1.0625,0.21875,-0.40625
116,1695741350879,-0.037353516,-0.9937134,0.036315918,-0.796875,0.234375,-0.234375
117,1695741350919,-0.044433594,-0.9985962,0.030212402,0.15625,0.125,-0.265625
118,1695741350960,-0.040771484,-0.9883423,0.034118652,-0.8125,-0.296875,-0.125
119,1695741351000,-0.031982422,-0.9963989,0.04046631,-1.5625,0.46875,-0.34375
120,1695741351040,-0.041503906,-0.9993286,0.04071045,0.1875,0.328125,-0.1875
121,1695741351079,-0.046875,-0.98760986,0.03338623,-0.890625,0.046875,-0.484375
122,1695741351120,-0.05029297,-0.99713135,0.043884277,-0.6875,0.84375,-0.328125
123,1695741351178,-0.046875,-1.0027466,0.027526855,-0.40625,-0.4375,-0.546875
124,1695741351201,-0.036132812,-0.99835205,0.04071045,-1.140625,0.09375,-0.46875
125,1695741351221,-0.04272461,-0.99224854,0.029968262,-0.0625,0.53125,-0.265625
126,1695741351260,-0.04638672,-0.987854,0.03778076,-0.84375,0.171875,-0.296875
127,1695741351298,-0.043945312,-0.991272,0.038513184,-1.0625,0.328125,-0.484375
128,1695741351339,-0.03857422,-0.9961548,0.03656006,-0.71875,-0.140625,-0.4375
129,1695741351378,-0.040283203,-0.99176025,0.036315918,-1.359375,-0.046875,-0.1875
130,1695741351419,-0.04296875,-0.9944458,0.035095215,0.40625,-0.03125,-0.125
131,1695741351459,-0.04345703,-0.99224854,0.03338623,-1.265625,0.265625,-0.125
132,1695741351500,-0.026855469,-0.9976196,0.035095215,-1.484375,0.15625,-0.28125
133,1695741351539,-0.034423828,-0.9956665,0.04534912,-0.546875,-0.0625,-0.078125
134,1695741351579,-0.041748047,-0.99005127,0.0368042,-0.640625,0.03125,-0.171875
135,1695741351620,-0.037109375,-0.9973755,0.032409668,-1.140625,0.1875,-0.21875
136,1695741351659,-0.04321289,-1.0066528,0.04168701,-0.875,-0.453125,-0.21875
137,1695741351699,-0.045410156,-0.9976196,0.043640137,-0.703125,-0.09375,-0.3125
138,1695741351739,-0.035888672,-0.9981079,0.043884277,-1.109375,0.015625,-0.234375
139,1695741351780,-0.045654297,-0.9985962,0.042907715,-0.984375,0.40625,-0.21875
140,1695741351826,-0.046875,-0.99664307,0.039978027,-0.84375,-0.375,-0.359375
141,1695741351859,-0.037841797,-0.99053955,0.034851074,-1.078125,0.140625,-0.515625
142,1695741351898,-0.040527344,-0.991272,0.04168701,-0.265625,0.171875,-0.40625
143,1695741351939,-0.03930664,-0.99224854,0.040222168,-1.40625,-0.203125,-0.28125
144,1695741351980,-0.048583984,-0.9956665,0.045837402,-0.671875,-0.125,-0.21875
145,1695741352018,-0.036132812,-0.9976196,0.039001465,-1.765625,0.578125,-0.25
146,1695741352059,-0.037353516,-0.99591064,0.05340576,-1.421875,-0.140625,-0.375
147,1695741352099,-0.046142578,-0.99786377,0.048034668,-2.0625,0.453125,-0.65625
148,1695741352141,-0.04248047,-0.99176025,0.054382324,-0.234375,-0.234375,-0.46875
149,1695741352179,-0.032470703,-0.99176025,0.04510498,-2.46875,0.234375,-0.53125
150,1695741352220,-0.042236328,-0.98931885,0.047546387,-1.421875,0.15625,-0.390625
151,1695741352258,-0.04248047,-0.9993286,0.053894043,-0.875,0.265625,-0.390625
152,1695741352299,-0.03930664,-0.9944458,0.0524292,-1.5625,0.0625,-0.5625
153,1695741352340,-0.044677734,-0.9961548,0.04559326,-1.875,0.078125,-0.578125
154,1695741352379,-0.03857422,-0.99957275,0.04901123,-1.0625,-0.3125,-0.40625
155,1695741352419,-0.041748047,-0.9993286,0.054138184,-1.125,-0.046875,-0.375
156,1695741352439,-0.05078125,-0.9944458,0.04827881,-1.0,0.40625,-0.421875
157,1695741352479,-0.04296875,-0.98931885,0.05731201,-0.96875,0.234375,-0.328125
158,1695741352519,-0.038330078,-0.9949341,0.057800293,-1.203125,-0.125,0.03125
159,1695741352559,-0.036865234,-0.99786377,0.058776855,-0.546875,-0.015625,-0.296875
160,1695741352598,-0.04296875,-0.99224854,0.059509277,-1.234375,0.625,-0.171875
161,1695741352638,-0.048095703,-0.99468994,0.0602417,-1.640625,0.09375,-0.578125
162,1695741352680,-0.040039062,-0.9968872,0.062683105,-0.8125,0.40625,-0.359375
163,1695741352719,-0.032226562,-0.9963989,0.059265137,-1.015625,-0.984375,-0.234375
164,1695741352759,-0.04663086,-0.99102783,0.05609131,-1.5625,-0.015625,-0.671875
165,1695741352799,-0.051757812,-1.0020142,0.06732178,-0.1875,0.15625,-0.015625
166,1695741352839,-0.04272461,-1.0020142,0.061462402,-1.734375,0.25,-0.328125
167,1695741352879,-0.041992188,-0.99713135,0.049987793,-2.15625,-0.78125,-0.5625
168,1695741352919,-0.053222656,-0.9990845,0.050720215,-1.953125,-0.09375,-1.03125
169,1695741352960,-0.046875,-1.000061,0.08343506,-0.53125,-0.125,0.03125
170,1695741353000,-0.04711914,-0.9898071,0.055114746,-2.25,0.25,-0.328125
171,1695741353038,-0.041748047,-0.9883423,0.06121826,-1.546875,-0.125,-0.71875
172,1695741353079,-0.044921875,-0.9939575,0.07147217,-1.421875,0.203125,-0.421875
173,1695741353119,-0.05029297,-0.9990845,0.06951904,-0.921875,-0.125,-0.34375
174,1695741353159,-0.048095703,-0.99298096,0.062683105,-2.125,0.203125,-0.46875
175,1695741353198,-0.047607422,-1.0005493,0.074645996,-1.609375,-0.125,-0.484375
176,1695741353239,-0.04272461,-0.9968872,0.07269287,-1.328125,-0.40625,-0.1875
177,1695741353280,-0.045654297,-0.9961548,0.066589355,-1.578125,0.203125,-0.25
178,1695741353319,-0.040283203,-0.9854126,0.07611084,-1.390625,0.171875,-0.390625
179,1695741353360,-0.045166016,-0.99224854,0.07928467,-1.375,-0.125,-0.421875
180,1695741353399,-0.04248047,-1.0005493,0.07513428,-1.375,-0.640625,-0.609375
181,1695741353439,-0.037597656,-0.99176025,0.07342529,-1.84375,0.046875,-0.53125
182,1695741353479,-0.046142578,-0.9920044,0.08514404,-1.0,0.703125,-0.484375
183,1695741353519,-0.052734375,-0.99224854,0.08270264,-1.015625,-0.3125,-0.390625
184,1695741353559,-0.05053711,-0.991272,0.08123779,-1.484375,-0.4375,-0.390625
185,1695741353599,-0.04345703,-0.9981079,0.0836792,-1.359375,-0.1875,-0.359375
186,1695741353639,-0.049804688,-0.9932251,0.08001709,-1.640625,-0.390625,-0.65625
187,1695741353660,-0.052978516,-0.99884033,0.08123779,-1.046875,-0.171875,-0.390625
188,1695741353701,-0.044921875,-0.99664307,0.09173584,-1.546875,0.0,-0.484375
189,1695741353739,-0.048828125,-0.99420166,0.0770874,-1.265625,-0.59375,-0.5
190,1695741353780,-0.052978516,-0.991272,0.08831787,-3.1875,0.765625,-1.421875
191,1695741353819,-0.059814453,-0.9915161,0.10076904,-0.234375,-0.046875,-0.359375
192,1695741353860,-0.05859375,-0.99468994,0.09490967,-1.21875,-0.421875,-0.34375
193,1695741353900,-0.05102539,-1.0078735,0.074401855,-0.90625,-1.125,-0.4375
194,1695741353938,-0.045654297,-0.9998169,0.0927124,-1.546875,-0.515625,-0.4375
195,1695741353980,-0.04663086,-0.99053955,0.094177246,-0.265625,0.390625,-0.15625
196,1695741354020,-0.050048828,-0.9951782,0.09051514,-1.34375,0.203125,-0.578125
197,1695741354059,-0.05517578,-0.99591064,0.093933105,-1.859375,0.046875,-0.640625
198,1695741354100,-0.05810547,-0.9944458,0.09881592,-0.796875,-0.375,-0.34375
199,1695741354140,-0.05859375,-0.9990845,0.09490967,-0.984375,-0.484375,-0.546875
200,1695741354179,-0.056396484,-0.99786377,0.08709717,-1.125,0.25,-0.390625
201,1695741354220,-0.04736328,-0.99542236,0.10369873,-1.0625,-0.140625,-0.046875
202,1695741354260,-0.049560547,-0.9939575,0.09442139,-1.171875,0.015625,-0.59375
203,1695741354299,-0.05883789,-0.9944458,0.097839355,-0.734375,0.03125,-0.125
204,1695741354340,-0.051757812,-0.9961548,0.10614014,-1.375,0.0,-0.5
205,1695741354379,-0.05859375,-0.9871216,0.09979248,-0.984375,0.03125,-0.1875
206,1695741354419,-0.05883789,-0.9915161,0.085632324,-1.125,-0.375,-0.28125
207,1695741354458,-0.052001953,-0.9973755,0.09613037,-1.15625,0.859375,-0.25
208,1695741354500,-0.053222656,-0.9915161,0.09906006,-0.390625,0.171875,-0.015625
209,1695741354540,-0.05859375,-0.9883423,0.10491943,-1.4375,0.28125,-0.3125
210,1695741354579,-0.055419922,-0.9951782,0.10272217,-0.15625,0.484375,-0.21875
211,1695741354619,-0.056884766,-0.9915161,0.10296631,0.171875,-0.1875,0.296875
212,1695741354660,-0.0390625,-0.98760986,0.09564209,-1.796875,0.171875,-0.015625
213,1695741354699,-0.060302734,-0.9968872,0.10443115,-1.140625,0.390625,-0.328125
214,1695741354740,-0.059570312,-0.9976196,0.10614014,0.484375,-0.5625,0.078125
215,1695741354779,-0.05126953,-0.9990845,0.09613037,-1.421875,0.5625,-0.234375
216,1695741354819,-0.050048828,-0.9924927,0.09295654,-1.03125,-0.234375,-0.265625
217,1695741354881,-0.05126953,-0.9949341,0.10247803,-0.15625,0.203125,-0.015625
218,1695741354884,-0.057128906,-0.99713135,0.101257324,-0.359375,-0.25,-0.15625
219,1695741354919,-0.052246094,-0.9949341,0.10003662,-1.328125,-0.15625,-0.328125
220,1695741354959,-0.056640625,-0.99298096,0.109558105,-0.4375,0.046875,-0.203125
221,1695741354999,-0.053955078,-0.99591064,0.101745605,-0.3125,-0.3125,-0.3125
222,1695741355040,-0.048583984,-0.99835205,0.093688965,-0.890625,0.265625,-0.328125
223,1695741355080,-0.057128906,-0.99420166,0.10272217,-0.125,0.234375,-0.3125
224,1695741355119,-0.047607422,-0.9920044,0.09564209,-0.671875,-0.109375,-0.421875
225,1695741355162,-0.057128906,-0.9976196,0.10028076,-0.765625,0.609375,-0.421875
226,1695741355200,-0.061523438,-0.9998169,0.09906006,-0.515625,0.140625,-0.171875
227,1695741355240,-0.05102539,-0.99420166,0.101257324,-0.40625,0.125,0.078125
228,1695741355279,-0.052246094,-0.99664307,0.09710693,-0.09375,0.421875,-0.078125
229,1695741355320,-0.05810547,-0.98883057,0.090026855,-0.6875,0.03125,-0.34375
230,1695741355359,-0.05102539,-0.9998169,0.105651855,0.078125,0.390625,0.125
231,1695741355400,-0.044189453,-1.0046997,0.09906006,-0.390625,0.078125,0.171875
232,1695741355439,-0.046142578,-0.9961548,0.0927124,-1.796875,-0.171875,-0.3125
233,1695741355479,-0.060302734,-0.9939575,0.09539795,-2.0,1.203125,-0.59375
234,1695741355519,-0.06225586,-0.99176025,0.098083496,-0.03125,0.5,0.078125
235,1695741355580,-0.05126953,-1.0005493,0.09539795,-1.15625,0.3125,-0.375
236,1695741355601,-0.05029297,-0.9981079,0.089538574,-1.21875,0.03125,-0.484375
237,1695741355639,-0.04663086,-0.99713135,0.10491943,-0.828125,0.765625,-0.3125
238,1695741355680,-0.047851562,-0.99298096,0.0993042,-0.265625,0.375,-0.1875
239,1695741355719,-0.052490234,-0.99591064,0.097351074,-1.25,0.46875,-0.484375
240,1695741355759,-0.055419922,-0.9968872,0.112976074,-0.40625,0.546875,-0.03125
241,1695741355800,-0.047851562,-0.9981079,0.097595215,-0.53125,-0.234375,-0.078125
242,1695741355840,-0.051513672,-0.99224854,0.09906006,-0.765625,0.28125,-0.21875
243,1695741355879,-0.05810547,-1.000061,0.097839355,-0.640625,0.078125,-0.140625
244,1695741355919,-0.048828125,-0.9961548,0.101257324,-0.609375,0.109375,0.0625
245,1695741355960,-0.044677734,-0.9924927,0.10223389,-0.65625,0.71875,0.046875
246,1695741355999,-0.056152344,-0.9968872,0.10296631,-0.359375,0.09375,-0.171875
247,1695741356040,-0.053466797,-0.9949341,0.09857178,-0.78125,0.515625,-0.125
248,1695741356099,-0.047851562,-0.9985962,0.10882568,-0.234375,0.359375,-0.09375
249,1695741356119,-0.048095703,-0.9907837,0.10296631,0.4375,0.234375,0.265625
250,1695741356140,-0.041992188,-0.9956665,0.097351074,-1.9375,0.359375,-0.46875
251,1695741356219,-0.053222656,-0.98931885,0.101745605,-0.71875,0.234375,-0.109375
252,1695741356222,-0.046875,-0.9937134,0.10662842,-0.046875,-0.203125,0.328125
253,1695741356259,-0.048095703,-1.0054321,0.093688965,-0.625,0.0,-0.328125
254,1695741356302,-0.04711914,-0.99664307,0.09613037,-0.734375,-0.375,-0.6875
255,1695741356343,-0.053710938,-1.0007935,0.10491943,-0.5625,0.953125,-0.453125
256,1695741356379,-0.04638672,-0.99420166,0.10321045,-0.34375,-0.34375,-0.390625
257,1695741356420,-0.05126953,-0.99176025,0.09320068,-0.890625,0.28125,-0.625
258,1695741356461,-0.052246094,-0.98883057,0.09661865,-0.109375,0.296875,-0.390625
259,1695741356504,-0.044189453,-0.99786377,0.097839355,-0.265625,-0.21875,-0.34375
260,1695741356541,-0.048339844,-0.9873657,0.10784912,0.203125,0.4375,-0.1875
261,1695741356581,-0.05126953,-0.9951782,0.09100342,-0.125,0.046875,-0.21875
262,1695741356619,-0.060302734,-0.99420166,0.1005249,0.171875,1.40625,-0.1875
263,1695741356661,-0.05102539,-0.9973755,0.09710693,0.4375,0.421875,0.125
264,1695741356700,-0.052734375,-1.000061,0.090026855,0.03125,0.515625,-0.15625
265,1695741356746,-0.052001953,-0.9915161,0.09124756,0.484375,0.640625,0.0625
266,1695741356783,-0.046142578,-0.99664307,0.09246826,1.359375,0.765625,0.171875
267,1695741356822,-0.05078125,-0.99713135,0.09100342,1.0625,0.15625,0.140625
268,1695741356861,-0.041748047,-0.9961548,0.08001709,-0.84375,0.8125,-0.265625
269,1695741356901,-0.053466797,-0.99542236,0.09124756,1.078125,0.71875,0.0
270,1695741356943,-0.049804688,-0.989563,0.078063965,1.734375,0.1875,-0.046875
271,1695741356982,-0.045654297,-0.9963989,0.074157715,0.359375,1.46875,-0.015625
272,1695741357022,-0.049316406,-0.9990845,0.070495605,0.96875,0.890625,-0.328125
273,1695741357062,-0.04345703,-0.9885864,0.08099365,1.3125,0.71875,-0.15625
274,1695741357099,-0.037353516,-0.9944458,0.06854248,0.578125,0.6875,-0.59375
275,1695741357141,-0.053955078,-0.99542236,0.06707764,0.375,0.453125,-0.578125
276,1695741357180,-0.044921875,-0.99468994,0.06976318,0.40625,0.421875,-0.1875
277,1695741357220,-0.045166016,-1.0007935,0.06463623,-0.296875,0.5,-0.390625
278,1695741357260,-0.041259766,-0.9990845,0.06317139,0.53125,0.640625,-0.421875
279,1695741357319,-0.046875,-0.9885864,0.066101074,0.46875,-0.0625,-0.171875
280,1695741357341,-0.040771484,-0.9927368,0.070739746,0.171875,1.25,-0.125
281,1695741357360,-0.04248047,-0.99298096,0.058532715,1.0,-0.15625,-0.125
282,1695741357400,-0.044921875,-0.9949341,0.06439209,0.0625,0.125,-0.15625
283,1695741357440,-0.047851562,-0.9961548,0.06536865,0.859375,0.390625,0.203125
284,1695741357479,-0.045410156,-0.99957275,0.05657959,0.015625,0.171875,-0.28125
285,1695741357519,-0.045166016,-0.9951782,0.06048584,-0.9375,0.53125,-0.296875
286,1695741357561,-0.055419922,-1.000061,0.057800293,-0.53125,-0.0625,-0.296875
287,1695741357601,-0.04638672,-0.99664307,0.06951904,0.671875,0.65625,0.171875
288,1695741357642,-0.04638672,-0.9927368,0.0524292,-0.015625,0.296875,-0.21875
289,1695741357681,-0.049072266,-0.9956665,0.054870605,0.078125,0.015625,-0.078125
290,1695741357721,-0.046875,-1.0003052,0.059265137,0.28125,0.234375,-0.0625
291,1695741357761,-0.036132812,-0.9907837,0.049987793,-0.390625,-0.03125,-0.375
292,1695741357802,-0.049316406,-0.9990845,0.050476074,0.203125,0.359375,-0.15625
293,1695741357843,-0.04638672,-0.99005127,0.046081543,-0.234375,0.21875,-0.25
294,1695741357885,-0.044921875,-0.99786377,0.05218506,-0.15625,0.25,-0.3125
295,1695741357928,-0.043945312,-0.9902954,0.05218506,-0.1875,0.234375,0.0625
296,1695741357962,-0.044677734,-0.9981079,0.048034668,0.09375,0.0625,-0.109375
297,1695741358001,-0.04321289,-0.9927368,0.047790527,0.015625,0.390625,0.203125
298,1695741358042,-0.042236328,-0.9920044,0.043884277,-1.0,0.109375,-0.21875
299,1695741358084,-0.040283203,-0.9937134,0.051208496,0.3125,0.96875,-0.328125
300,1695741358123,-0.048583984,-0.9949341,0.042663574,0.15625,-0.078125,-0.28125
301,1695741358162,-0.032958984,-0.98687744,0.044128418,-2.171875,0.0625,-0.421875
302,1695741358201,-0.044921875,-1.0056763,0.0524292,0.28125,0.796875,-0.140625
303,1695741358243,-0.04711914,-0.9939575,0.043640137,-0.765625,-0.28125,-0.484375
304,1695741358283,-0.048339844,-0.989563,0.04168701,-0.96875,0.328125,-0.734375
305,1695741358323,-0.045654297,-1.00177,0.050231934,-0.890625,-0.28125,-0.578125
306,1695741358360,-0.043701172,-0.99346924,0.054382324,-0.625,0.078125,-0.625
307,1695741358400,-0.048828125,-0.9937134,0.051208496,-1.1875,0.171875,-0.671875
308,1695741358439,-0.052001953,-0.9963989,0.054138184,-1.3125,0.078125,-0.625
309,1695741358480,-0.044433594,-0.9963989,0.047302246,-0.921875,-0.46875,-0.421875
310,1695741358520,-0.04321289,-0.9949341,0.04827881,-1.125,0.25,-0.453125
311,1695741358560,-0.052490234,-0.9949341,0.051208496,-1.09375,-0.015625,-0.4375
312,1695741358580,-0.049560547,-0.98760986,0.057800293,-1.328125,-0.046875,-0.34375
313,1695741358619,-0.048828125,-0.9956665,0.05316162,-1.890625,0.390625,-0.421875
314,1695741358659,-0.05444336,-1.003479,0.06341553,-0.640625,0.203125,-0.21875
315,1695741358699,-0.048095703,-1.0012817,0.054138184,-1.484375,0.390625,-0.328125
316,1695741358740,-0.04663086,-0.98809814,0.05316162,-1.984375,-0.03125,-0.390625
317,1695741358782,-0.049804688,-0.99591064,0.06072998,-1.765625,0.03125,-0.484375
318,1695741358822,-0.049072266,-0.99591064,0.066833496,-0.46875,-0.28125,-0.140625
319,1695741358862,-0.03955078,-0.99298096,0.06414795,-2.203125,0.375,-0.625
320,1695741358904,-0.052978516,-0.99591064,0.047302246,-0.921875,0.15625,-0.3125
321,1695741358942,-0.045410156,-0.9949341,0.0602417,-0.96875,-0.390625,-0.3125
322,1695741358985,-0.041259766,-0.9907837,0.058532715,-1.328125,-0.03125,-0.578125
323,1695741359021,-0.053222656,-0.9927368,0.058776855,-1.0625,0.390625,-0.59375
324,1695741359062,-0.052246094,-0.9990845,0.07733154,-0.890625,0.140625,-0.359375
325,1695741359102,-0.051757812,-0.9956665,0.061950684,-1.8125,-0.5625,-0.46875
326,1695741359142,-0.049072266,-0.99005127,0.06512451,-1.515625,-0.03125,-0.5625
327,1695741359184,-0.051513672,-0.9985962,0.07171631,-1.34375,-0.15625,-0.5
328,1695741359222,-0.052001953,-0.9902954,0.062927246,-1.203125,-0.625,-0.265625
329,1695741359261,-0.045410156,-0.99298096,0.0770874,-2.390625,0.046875,-0.4375
330,1695741359304,-0.060791016,-0.99346924,0.07562256,-0.59375,0.421875,-0.453125
331,1695741359345,-0.057373047,-0.9973755,0.070251465,-2.140625,0.09375,-0.53125
332,1695741359383,-0.043701172,-0.9924927,0.06561279,-2.296875,-0.8125,-0.578125
333,1695741359422,-0.05029297,-0.987854,0.07952881,-2.5,1.1875,-0.625
334,1695741359460,-0.057128906,-0.9998169,0.08929443,0.015625,-0.078125,0.03125
335,1695741359500,-0.05102539,-0.99713135,0.07196045,-1.921875,-0.15625,-0.453125
336,1695741359544,-0.04711914,-0.9976196,0.082214355,-1.28125,0.65625,-0.453125
337,1695741359582,-0.049804688,-0.99053955,0.078063965,-0.921875,-0.125,-0.5
338,1695741359622,-0.056884766,-0.9981079,0.082214355,-1.265625,0.109375,-0.375
339,1695741359661,-0.056396484,-0.99053955,0.08074951,-1.71875,0.390625,-0.40625
340,1695741359699,-0.052978516,-0.9915161,0.08148193,-0.6875,-0.53125,-0.4375
341,1695741359739,-0.05053711,-0.99884033,0.086364746,-1.328125,-0.328125,-0.140625
342,1695741359779,-0.053710938,-0.99957275,0.07904053,-1.3125,-0.203125,-0.609375
343,1695741359799,-0.052978516,-0.9951782,0.08001709,-1.640625,-0.046875,-0.46875
344,1695741359838,-0.053466797,-1.0007935,0.08660889,-1.5625,0.1875,-0.546875
345,1695741359879,-0.061279297,-0.9890747,0.0836792,-1.078125,0.515625,-0.421875
346,1695741359918,-0.0625,-0.99542236,0.0848999,-1.1875,0.15625,-0.140625
347,1695741359958,-0.049316406,-0.98931885,0.093688965,-1.296875,0.3125,-0.28125
348,1695741359999,-0.060302734,-0.9951782,0.08660889,-1.15625,0.046875,-0.328125
349,1695741360038,-0.057373047,-0.99298096,0.08514404,-0.9375,0.671875,-0.25
350,1695741360078,-0.057373047,-0.99468994,0.08538818,-1.640625,0.5625,-0.53125
351,1695741360118,-0.055419922,-1.000061,0.085632324,0.03125,0.0,-0.046875
352,1695741360158,-0.055419922,-0.99713135,0.09588623,-1.640625,1.390625,-0.203125
353,1695741360198,-0.044677734,-0.9920044,0.08758545,-2.3125,-0.3125,-0.71875
354,1695741360238,-0.05883789,-0.99713135,0.08514404,-3.375,0.734375,-1.140625
355,1695741360278,-0.05810547,-0.9998169,0.10467529,0.421875,0.109375,0.203125
356,1695741360318,-0.053222656,-0.9949341,0.0914917,-1.765625,0.078125,-0.140625
357,1695741360358,-0.05517578,-0.99542236,0.0914917,-0.8125,0.265625,-0.375
358,1695741360398,-0.064208984,-0.9939575,0.10076904,-1.09375,0.140625,-0.5625
359,1695741360438,-0.052490234,-0.99053955,0.09661865,-0.984375,-0.1875,-0.234375
360,1695741360478,-0.05834961,-0.991272,0.09100342,-1.453125,-0.1875,-0.484375
361,1695741360518,-0.05834961,-0.99713135,0.10028076,-1.171875,0.0625,-0.34375
362,1695741360559,-0.057373047,-0.9907837,0.09539795,-0.703125,-0.1875,-0.15625
363,1695741360598,-0.049072266,-0.9927368,0.09564209,-0.890625,0.171875,-0.484375
364,1695741360638,-0.059570312,-0.99005127,0.101745605,-1.09375,-0.203125,-0.421875
365,1695741360678,-0.059570312,-0.9993286,0.10345459,-1.21875,0.140625,-0.328125
366,1695741360718,-0.052246094,-0.9944458,0.11004639,-0.953125,-0.140625,-0.3125
367,1695741360759,-0.05883789,-0.99224854,0.09710693,-1.09375,0.375,-0.4375
368,1695741360798,-0.056152344,-0.9920044,0.10272217,-1.078125,1.015625,-0.5625
369,1695741360839,-0.055664062,-0.9981079,0.10272217,-1.21875,0.109375,-0.421875
370,1695741360879,-0.057617188,-0.9961548,0.1071167,-1.15625,0.28125,-0.765625
371,1695741360919,-0.0546875,-0.9924927,0.10418701,-0.59375,-0.09375,-0.375
372,1695741360958,-0.056152344,-0.99224854,0.0993042,-0.953125,0.765625,-0.46875
373,1695741361020,-0.060546875,-0.9949341,0.11273193,-0.484375,0.171875,-0.1875
374,1695741361021,-0.0625,-1.0012817,0.10076904,-0.8125,0.703125,-0.5
375,1695741361059,-0.05493164,-1.0003052,0.105895996,-0.703125,-1.171875,-0.265625
376,1695741361099,-0.061035156,-0.9866333,0.105163574,-2.78125,0.171875,-1.25
377,1695741361139,-0.06689453,-0.9902954,0.11663818,-0.640625,0.25,-0.203125
378,1695741361179,-0.059326172,-1.0049438,0.10247803,-1.0,-0.28125,-0.453125
379,1695741361220,-0.0625,-0.9973755,0.105407715,-0.578125,0.109375,-0.390625
380,1695741361258,-0.06518555,-0.99542236,0.11639404,-1.078125,0.359375,-0.5625
381,1695741361298,-0.06567383,-0.9985962,0.10736084,-0.59375,0.0625,-0.078125
382,1695741361339,-0.064697266,-0.9976196,0.10784912,-0.59375,-0.65625,-0.15625
383,1695741361378,-0.05493164,-0.99224854,0.11248779,-1.03125,1.375,-0.171875
384,1695741361418,-0.06518555,-1.0007935,0.10687256,-0.28125,-0.171875,-0.484375
385,1695741361459,-0.061767578,-0.98687744,0.1083374,-0.71875,0.390625,-0.25
386,1695741361498,-0.055664062,-0.9932251,0.10662842,-0.9375,0.625,-0.140625
387,1695741361539,-0.06567383,-0.9968872,0.113708496,-0.796875,0.265625,-0.21875
388,1695741361579,-0.06689453,-0.9902954,0.10809326,-0.96875,0.46875,-0.421875
389,1695741361619,-0.060546875,-0.9907837,0.109313965,-0.8125,0.328125,-0.28125
390,1695741361658,-0.061523438,-0.9937134,0.109802246,-0.578125,0.109375,-0.203125
391,1695741361700,-0.061767578,-0.9902954,0.10858154,-0.6875,0.40625,-0.453125
392,1695741361738,-0.057128906,-0.9949341,0.117126465,-0.703125,0.234375,-0.171875
393,1695741361779,-0.05859375,-0.99664307,0.10247803,-0.90625,0.203125,-0.171875
394,1695741361819,-0.059570312,-0.99420166,0.109802246,-0.78125,0.234375,-0.140625
395,1695741361859,-0.06347656,-0.9956665,0.116882324,-0.03125,0.359375,-0.234375
396,1695741361901,-0.064208984,-0.99298096,0.10736084,-0.34375,0.046875,0.140625
397,1695741361939,-0.048339844,-0.99542236,0.10394287,-2.25,-0.09375,-0.640625
398,1695741361979,-0.07080078,-0.99420166,0.117614746,-1.25,0.859375,-0.453125
399,1695741362019,-0.061279297,-0.9993286,0.11541748,0.15625,-0.25,0.0625
400,1695741362060,-0.060546875,-0.9907837,0.1071167,-1.40625,0.828125,-0.375
401,1695741362099,-0.059570312,-0.9990845,0.10296631,-0.5,0.15625,-0.25
402,1695741362138,-0.0637207,-0.99786377,0.11151123,-0.84375,0.234375,-0.28125
403,1695741362180,-0.060791016,-0.98883057,0.10882568,-0.359375,0.28125,-0.15625
404,1695741362239,-0.06225586,-0.9932251,0.11224365,-0.703125,1.3125,-0.0625
405,1695741362259,-0.06274414,-0.99884033,0.109558105,0.296875,-0.953125,0.03125
406,1695741362278,-0.061035156,-0.99176025,0.113464355,-0.5,1.09375,0.0
407,1695741362360,-0.06201172,-0.9993286,0.11468506,0.5625,0.234375,0.140625
408,1695741362362,-0.05444336,-0.9973755,0.0993042,-0.15625,-0.828125,0.078125
409,1695741362399,-0.05517578,-0.9932251,0.11029053,0.40625,1.6875,0.140625
410,1695741362438,-0.061523438,-0.9924927,0.10491943,0.3125,0.921875,0.296875
411,1695741362479,-0.055908203,-0.991272,0.101257324,0.46875,-0.109375,0.21875
412,1695741362519,-0.055419922,-1.0003052,0.10491943,0.703125,0.671875,0.1875
413,1695741362559,-0.057617188,-1.000061,0.09954834,0.640625,0.203125,0.421875
414,1695741362599,-0.051513672,-0.9883423,0.08929443,0.96875,0.140625,0.296875
415,1695741362640,-0.052246094,-0.9937134,0.10491943,2.03125,1.3125,0.53125
416,1695741362678,-0.05517578,-0.99542236,0.098083496,1.671875,0.234375,0.328125
417,1695741362719,-0.056396484,-0.99346924,0.08148193,-0.765625,-0.15625,-0.109375
418,1695741362758,-0.056396484,-0.9937134,0.08270264,1.109375,0.546875,0.1875
419,1695741362798,-0.044189453,-0.9915161,0.09661865,1.9375,-0.375,0.5
420,1695741362840,-0.045166016,-0.99542236,0.0770874,0.15625,1.078125,-0.078125
421,1695741362879,-0.053710938,-0.9963989,0.07562256,0.515625,0.046875,-0.125
422,1695741362918,-0.052490234,-0.9956665,0.08709717,0.203125,0.296875,0.0625
423,1695741362958,-0.042236328,-0.98687744,0.08001709,0.578125,0.0625,-0.265625
424,1695741362999,-0.055908203,-1.003479,0.07171631,0.9375,0.296875,0.171875
425,1695741363038,-0.04321289,-0.9993286,0.07684326,0.734375,-0.234375,0.265625
426,1695741363078,-0.04638672,-0.99224854,0.07513428,-0.09375,-0.5,0.0
427,1695741363118,-0.05029297,-0.9961548,0.06878662,0.46875,0.328125,-0.28125
428,1695741363158,-0.04736328,-1.0010376,0.070739746,0.03125,0.125,-0.09375
429,1695741363198,-0.050048828,-0.9963989,0.06829834,0.5625,0.1875,0.109375
430,1695741363239,-0.044921875,-1.0003052,0.06854248,0.546875,0.265625,-0.046875
431,1695741363278,-0.047851562,-0.9963989,0.058288574,-0.015625,0.09375,-0.296875
432,1695741363318,-0.05493164,-0.9924927,0.07342529,0.140625,0.3125,-0.078125
433,1695741363359,-0.048095703,-0.9939575,0.06072998,0.59375,1.078125,-0.21875
434,1695741363400,-0.050048828,-0.9924927,0.05316162,-0.46875,-1.265625,-0.28125
435,1695741363461,-0.040527344,-0.9944458,0.06781006,-1.65625,0.78125,-0.609375
436,1695741363481,-0.053955078,-1.0012817,0.06732178,0.609375,0.203125,-0.15625
437,1695741363501,-0.05126953,-0.99298096,0.062683105,-0.21875,-0.296875,-0.453125
438,1695741363539,-0.040039062,-0.9956665,0.054626465,-0.96875,0.578125,-0.359375
439,1695741363579,-0.041748047,-0.99664307,0.058532715,-0.515625,0.078125,-0.484375
440,1695741363621,-0.046875,-0.9920044,0.05682373,-0.15625,-0.453125,-0.15625
441,1695741363661,-0.048828125,-0.9890747,0.06097412,-0.328125,0.4375,-0.34375
442,1695741363699,-0.051513672,-1.0003052,0.059753418,-0.5,0.390625,-0.375
443,1695741363740,-0.046875,-0.9968872,0.06121826,-0.75,0.0625,-0.21875
444,1695741363782,-0.044921875,-0.9944458,0.05999756,0.078125,0.21875,-0.15625
445,1695741363847,-0.044677734,-0.9981079,0.05633545,-0.734375,-0.546875,-0.359375
446,1695741363859,-0.048339844,-0.991272,0.062927246,-0.296875,0.609375,-0.171875
447,1695741363898,-0.048828125,-0.9920044,0.058776855,-0.75,0.234375,-0.234375
448,1695741363939,-0.05810547,-0.9973755,0.062438965,-0.6875,0.328125,-0.484375
449,1695741363978,-0.048583984,-1.0005493,0.06561279,-0.5,0.5625,-0.609375
450,1695741364018,-0.049072266,-1.0027466,0.054870605,-0.328125,-0.328125,-0.140625
451,1695741364059,-0.03857422,-0.9963989,0.059020996,-1.5,0.625,-0.421875
452,1695741364098,-0.052001953,-0.9920044,0.066345215,-0.1875,0.46875,-0.296875
453,1695741364138,-0.049316406,-0.9932251,0.054382324,-0.734375,-0.046875,-0.421875
454,1695741364179,-0.050048828,-0.99786377,0.05267334,-1.390625,-0.21875,-0.578125
455,1695741364222,-0.043701172,-0.9902954,0.059265137,-1.0,0.40625,-0.609375
456,1695741364258,-0.05053711,-0.9963989,0.062683105,-0.5,0.234375,-0.390625
457,1695741364303,-0.056152344,-0.99713135,0.05633545,-1.375,-0.4375,-0.578125
458,1695741364338,-0.041992188,-0.99176025,0.06854248,-1.296875,0.3125,-0.0625
459,1695741364378,-0.047607422,-0.9951782,0.06390381,-1.6875,0.03125,-0.390625
460,1695741364425,-0.05834961,-0.99298096,0.06072998,-1.484375,0.375,-0.65625
461,1695741364463,-0.055908203,-1.0005493,0.06390381,-2.125,-0.234375,-0.640625
462,1695741364500,-0.046142578,-1.0003052,0.07269287,-2.0625,-0.140625,-0.34375
463,1695741364538,-0.052734375,-0.9924927,0.07537842,-1.765625,0.0625,-0.40625
464,1695741364579,-0.05419922,-0.9939575,0.074645996,-1.859375,0.5,-0.59375
465,1695741364620,-0.05834961,-0.9985962,0.08001709,-1.734375,0.140625,-0.125
466,1695741364660,-0.049804688,-0.9944458,0.070007324,-3.453125,-0.078125,-0.734375
467,1695741364699,-0.05883789,-0.99224854,0.07318115,-1.921875,0.1875,-0.390625
468,1695741364719,-0.047851562,-0.9985962,0.085632324,-0.96875,0.296875,0.046875
469,1695741364759,-0.043945312,-1.0027466,0.07318115,-2.015625,1.296875,-0.34375
470,1695741364801,-0.05493164,-0.99420166,0.081726074,-0.9375,0.25,-0.375
471,1695741364841,-0.04638672,-0.9944458,0.08392334,-1.171875,0.09375,-0.265625
472,1695741364879,-0.051757812,-0.9944458,0.082458496,-1.296875,0.09375,-0.609375
473,1695741364921,-0.052978516,-1.0044556,0.07757568,-1.140625,0.40625,-0.734375
474,1695741364961,-0.052734375,-0.9968872,0.07952881,-0.9375,0.078125,-0.28125
475,1695741365002,-0.050048828,-0.9956665,0.08441162,-2.09375,0.0625,-0.8125
476,1695741365042,-0.05102539,-0.99005127,0.08782959,-1.703125,1.046875,-0.796875
477,1695741365083,-0.06738281,-0.9976196,0.090270996,-1.234375,0.53125,-0.75
478,1695741365122,-0.055908203,-0.9859009,0.090026855,-1.75,0.328125,-0.71875
479,1695741365164,-0.045410156,-0.9937134,0.0914917,-1.03125,0.53125,-0.5
480,1695741365201,-0.056152344,-0.9998169,0.08831787,-1.515625,0.609375,-0.484375
481,1695741365240,-0.044189453,-0.99176025,0.08685303,-1.828125,-0.390625,-0.921875
482,1695741365285,-0.060791016,-0.99298096,0.090270996,-3.21875,1.515625,-1.46875
483,1695741365325,-0.06201172,-0.9956665,0.10638428,-0.4375,0.765625,-0.234375
484,1695741365363,-0.04638672,-0.9963989,0.09246826,-1.421875,0.8125,-0.328125
485,1695741365401,-0.047607422,-0.9920044,0.09197998,-1.078125,1.21875,-0.53125
486,1695741365443,-0.05883789,-0.9976196,0.10296631,-0.96875,0.6875,-0.5
487,1695741365482,-0.0625,-0.98638916,0.1071167,-1.484375,0.28125,-0.5625
488,1695741365519,-0.06323242,-0.9976196,0.0993042,-1.203125,0.390625,-0.515625
489,1695741365559,-0.05834961,-0.9927368,0.10394287,-0.890625,-0.640625,-0.09375
490,1695741365600,-0.05419922,-0.9871216,0.09832764,-1.5,-0.484375,-0.375
491,1695741365641,-0.061279297,-0.99664307,0.10003662,-0.875,0.015625,-0.28125
492,1695741365680,-0.061035156,-0.9949341,0.10028076,-0.796875,-0.59375,-0.125
493,1695741365721,-0.05126953,-0.9907837,0.101989746,-0.953125,-0.15625,-0.0625
494,1695741365763,-0.061279297,-0.9937134,0.101257324,-1.03125,0.125,-0.296875
495,1695741365801,-0.05517578,-0.99420166,0.101257324,-0.421875,0.078125,-0.203125
496,1695741365840,-0.05859375,-0.99053955,0.1083374,-1.359375,0.703125,0.03125
497,1695741365880,-0.049804688,-0.9866333,0.098083496,-1.390625,-0.90625,-0.234375
498,1695741365919,-0.064941406,-0.99884033,0.11077881,-2.03125,1.1875,-0.703125
499,1695741365939,-0.061523438,-1.0010376,0.11077881,0.375,0.203125,0.015625
500,1695741365982,-0.05908203,-1.0007935,0.10369873,-1.640625,1.03125,-0.296875
501,1695741366019,-0.056396484,-0.987854,0.09857178,-0.390625,-0.046875,-0.34375
502,1695741366061,-0.057861328,-1.0020142,0.10491943,-0.5625,0.46875,-0.25
503,1695741366102,-0.053222656,-0.99102783,0.10809326,-0.96875,0.203125,-0.25
504,1695741366143,-0.06591797,-0.9944458,0.10882568,-0.875,0.875,-0.5
505,1695741366184,-0.05517578,-1.00177,0.11199951,-0.171875,0.234375,-0.1875
506,1695741366222,-0.059570312,-0.99005127,0.11053467,-0.734375,0.109375,-0.453125
507,1695741366262,-0.061035156,-0.99664307,0.10321045,-0.109375,0.359375,-0.328125
508,1695741366302,-0.06201172,-0.989563,0.10296631,-0.15625,-0.21875,-0.15625
509,1695741366342,-0.052001953,-0.99298096,0.10687256,-0.25,0.671875,-0.125
510,1695741366382,-0.06201172,-0.9907837,0.10247803,0.25,0.109375,-0.28125
511,1695741366424,-0.068115234,-0.989563,0.1005249,-0.484375,0.015625,-0.40625
512,1695741366461,-0.061035156,-0.9932251,0.10614014,-0.078125,-0.09375,-0.125
513,1695741366500,-0.059570312,-1.0005493,0.10418701,0.75,0.703125,-0.3125
514,1695741366541,-0.06567383,-0.99102783,0.10272217,0.25,-0.734375,0.1875
515,1695741366580,-0.059326172,-1.0007935,0.093444824,-1.875,0.40625,-0.828125
516,1695741366619,-0.072021484,-0.99102783,0.10736084,1.0625,-0.125,0.15625
517,1695741366658,-0.056152344,-0.9939575,0.09564209,0.25,-0.296875,-0.1875
518,1695741366699,-0.068847656,-0.99664307,0.089538574,-0.453125,-0.171875,-0.578125
519,1695741366738,-0.06518555,-0.9963989,0.09539795,-0.296875,0.109375,-0.21875
520,1695741366779,-0.0546875,-0.9939575,0.10296631,-0.765625,-0.671875,-0.296875
521,1695741366820,-0.061279297,-0.9898071,0.09832764,-0.5,-0.296875,-0.390625
522,1695741366858,-0.072753906,-0.99713135,0.09222412,-0.546875,0.625,-0.265625
523,1695741366898,-0.06225586,-0.99542236,0.09197998,-0.671875,-0.96875,-0.375
524,1695741366938,-0.05029297,-0.9985962,0.09197998,-1.0625,0.125,-0.625
525,1695741366979,-0.06201172,-0.9993286,0.09466553,-0.640625,0.234375,-0.25
526,1695741367019,-0.06323242,-0.99420166,0.09637451,-0.578125,-0.140625,0.0625
527,1695741367059,-0.060302734,-0.9902954,0.09637451,-0.890625,-0.078125,-0.375
528,1695741367098,-0.059570312,-0.9944458,0.10076904,-0.765625,0.40625,-0.328125
529,1695741367146,-0.061279297,-0.9956665,0.1005249,-0.90625,-0.125,-0.328125
530,1695741367161,-0.055908203,-0.9956665,0.10028076,-0.90625,0.34375,-0.3125
531,1695741367199,-0.06738281,-0.9951782,0.1005249,-0.03125,0.3125,-0.046875
532,1695741367239,-0.0690918,-0.9937134,0.089538574,-0.828125,0.109375,0.03125
533,1695741367280,-0.049804688,-0.99591064,0.09246826,-1.8125,-0.5625,-0.421875
534,1695741367318,-0.06665039,-0.99542236,0.105407715,-1.46875,0.484375,-0.484375
535,1695741367364,-0.059814453,-0.9956665,0.10784912,0.03125,0.234375,0.03125
536,1695741367399,-0.057617188,-1.0037231,0.09710693,-1.4375,0.671875,-0.28125
537,1695741367440,-0.0546875,-0.9968872,0.09686279,-0.703125,0.046875,-0.34375
538,1695741367481,-0.061767578,-0.99664307,0.11004639,-0.265625,0.578125,-0.296875
539,1695741367520,-0.055908203,-0.9924927,0.10614014,-0.625,0.265625,-0.375
540,1695741367558,-0.067871094,-0.987854,0.08758545,-0.625,0.84375,-0.203125
541,1695741367600,-0.06225586,-0.9939575,0.10028076,-0.140625,0.5625,0.015625
542,1695741367642,-0.053955078,-0.9949341,0.09295654,-0.46875,0.46875,-0.1875
543,1695741367682,-0.057617188,-0.9915161,0.09857178,0.375,0.8125,0.03125
544,1695741367722,-0.05908203,-0.9973755,0.09613037,0.203125,0.640625,-0.03125
545,1695741367761,-0.059570312,-0.9924927,0.09466553,-0.0625,-0.109375,0.0625
546,1695741367802,-0.061767578,-0.9993286,0.08880615,0.078125,0.234375,-0.21875
547,1695741367841,-0.052246094,-0.991272,0.09686279,-0.75,1.0,-0.140625
548,1695741367882,-0.064941406,-0.9932251,0.09564209,-0.8125,0.5625,-0.21875
549,1695741367923,-0.05419922,-0.9968872,0.101745605,-0.1875,0.1875,-0.15625
550,1695741367962,-0.059570312,-0.9932251,0.09173584,-0.75,-0.34375,-0.28125
551,1695741368002,-0.04711914,-0.99102783,0.082214355,-1.890625,0.453125,-0.984375
552,1695741368044,-0.07128906,-0.99005127,0.09710693,-1.828125,1.515625,-0.71875
553,1695741368081,-0.060302734,-0.99664307,0.10296631,0.078125,0.03125,-0.1875
554,1695741368123,-0.05419922,-0.9963989,0.09222412,-1.703125,0.796875,-0.46875
555,1695741368162,-0.055908203,-1.000061,0.09295654,-0.96875,0.703125,-0.453125
556,1695741368202,-0.06347656,-0.98638916,0.09588623,-0.765625,-0.578125,-0.171875
557,1695741368243,-0.05883789,-0.9976196,0.09515381,-1.015625,0.90625,-0.296875
558,1695741368282,-0.06762695,-0.9937134,0.09100342,-0.15625,0.28125,-0.03125
559,1695741368322,-0.052246094,-0.9927368,0.101989746,-0.375,-0.296875,0.078125
560,1695741368384,-0.061035156,-0.99224854,0.09466553,-0.90625,-0.046875,-0.34375
561,1695741368401,-0.05834961,-0.98687744,0.09295654,-0.6875,-0.03125,-0.140625
562,1695741368422,-0.06298828,-0.9932251,0.09857178,-0.75,0.109375,-0.359375
563,1695741368504,-0.068359375,-0.9976196,0.09222412,-1.34375,-0.171875,-0.15625
564,1695741368507,-0.055908203,-0.9924927,0.09857178,-1.28125,-0.046875,-0.234375
565,1695741368542,-0.057128906,-0.9985962,0.0993042,-1.109375,0.15625,-0.34375
566,1695741368583,-0.060058594,-0.9873657,0.105407715,-0.625,0.265625,-0.390625
567,1695741368620,-0.057861328,-0.9907837,0.101989746,-0.34375,-0.140625,0.203125
568,1695741368661,-0.052001953,-0.99957275,0.093444824,-2.171875,-0.046875,-0.71875
569,1695741368704,-0.07446289,-0.9915161,0.10223389,-0.921875,0.796875,-0.203125
570,1695741368744,-0.05517578,-0.99884033,0.105651855,-0.015625,-0.421875,0.0
571,1695741368782,-0.05053711,-0.9951782,0.097595215,-1.328125,0.515625,-0.078125
572,1695741368824,-0.06616211,-0.9937134,0.0993042,0.171875,0.21875,-0.015625
573,1695741368863,-0.06225586,-1.0010376,0.10321045,0.015625,0.359375,0.15625
574,1695741368902,-0.049804688,-0.9890747,0.093688965,-0.03125,-0.046875,-0.046875
575,1695741368940,-0.06225586,-0.9985962,0.09979248,0.296875,1.75,-0.046875
576,1695741368982,-0.051757812,-0.99420166,0.09295654,1.15625,-1.125,0.109375
577,1695741369021,-0.05029297,-0.9927368,0.09295654,-0.203125,1.4375,0.03125
578,1695741369061,-0.053955078,-0.9961548,0.09222412,0.625,0.9375,-0.09375
579,1695741369101,-0.060058594,-0.9973755,0.08905029,0.40625,-0.40625,-0.328125
580,1695741369141,-0.056396484,-0.99298096,0.09661865,1.125,1.34375,-0.0625
581,1695741369183,-0.052001953,-0.9976196,0.08099365,0.59375,-0.640625,-0.53125
582,1695741369225,-0.06274414,-0.9932251,0.08758545,1.46875,1.359375,-0.21875
583,1695741369262,-0.05810547,-0.9951782,0.08294678,1.609375,0.90625,0.015625
584,1695741369303,-0.052490234,-0.99664307,0.07147217,0.3125,-0.9375,-0.4375
585,1695741369341,-0.049316406,-0.99053955,0.08270264,0.234375,1.3125,-0.671875
586,1695741369379,-0.06665039,-1.0032349,0.078308105,1.484375,0.78125,-0.15625
587,1695741369419,-0.05517578,-0.99468994,0.07171631,0.6875,0.296875,-0.375
588,1695741369459,-0.053466797,-0.99298096,0.07513428,0.21875,0.25,-0.234375
589,1695741369500,-0.05834961,-0.99224854,0.06512451,0.515625,0.171875,-0.265625
590,1695741369539,-0.043945312,-0.99102783,0.078308105,-0.15625,0.25,-0.390625
591,1695741369599,-0.055908203,-0.9993286,0.06488037,0.609375,0.375,-0.1875
592,1695741369620,-0.05126953,-0.99468994,0.0692749,-0.0625,-0.46875,-0.1875
593,1695741369641,-0.051757812,-1.0049438,0.066101074,-0.4375,-0.296875,-0.25
594,1695741369681,-0.05493164,-0.9915161,0.06951904,0.265625,-0.484375,-0.375
595,1695741369720,-0.051513672,-1.0046997,0.06585693,0.25,-0.6875,-0.234375
596,1695741369760,-0.05419922,-0.99786377,0.062683105,-0.265625,-0.125,-0.140625
597,1695741369799,-0.05883789,-0.9951782,0.06317139,-0.25,-0.015625,-0.171875
598,1695741369839,-0.051757812,-0.9937134,0.059020996,-0.109375,-0.296875,-0.296875
599,1695741369881,-0.05419922,-0.99224854,0.062194824,-0.546875,-0.859375,0.09375
600,1695741369922,-0.048583984,-0.9944458,0.05706787,-2.0625,0.578125,-0.65625
601,1695741369961,-0.0703125,-0.9976196,0.06463623,-0.1875,0.5625,-0.21875
602,1695741370002,-0.05908203,-0.99713135,0.062683105,-1.078125,-0.140625,-0.21875
603,1695741370040,-0.053955078,-0.9939575,0.062194824,-1.65625,1.140625,-0.515625
604,1695741370079,-0.060302734,-0.9973755,0.0692749,-0.859375,0.625,-0.59375
605,1695741370122,-0.060546875,-0.9951782,0.06488037,-1.015625,-0.0625,-0.21875
606,1695741370166,-0.048583984,-0.989563,0.06097412,-0.671875,0.765625,-0.421875
607,1695741370201,-0.061523438,-0.9951782,0.07318115,-0.921875,1.03125,-0.1875
608,1695741370242,-0.05029297,-0.9883423,0.062438965,-1.484375,-0.25,-0.5625
609,1695741370283,-0.055419922,-0.9939575,0.07171631,-0.890625,0.421875,-0.375
610,1695741370324,-0.051757812,-0.9932251,0.07147217,-0.765625,0.234375,-0.328125
611,1695741370362,-0.06225586,-0.9924927,0.07147217,-0.984375,0.421875,-0.296875
612,1695741370402,-0.052490234,-0.9907837,0.06561279,-1.078125,0.171875,-0.234375
613,1695741370443,-0.049560547,-0.99786377,0.066345215,-0.71875,-0.078125,-0.203125
614,1695741370482,-0.06542969,-0.9883423,0.070251465,-0.796875,-0.109375,-0.3125
615,1695741370524,-0.049316406,-0.99542236,0.06854248,-2.609375,0.1875,-0.6875
616,1695741370561,-0.06982422,-1.0046997,0.07366943,-1.171875,-0.25,-0.40625
617,1695741370601,-0.05444336,-0.9961548,0.081726074,-0.796875,-0.46875,-0.28125
618,1695741370643,-0.051513672,-0.9961548,0.06341553,-1.40625,0.546875,-0.40625
619,1695741370681,-0.059326172,-1.0003052,0.07342529,-0.984375,0.046875,-0.3125
620,1695741370719,-0.055664062,-0.99468994,0.077819824,-1.109375,-0.078125,-0.4375
621,1695741370760,-0.05908203,-0.99468994,0.0758667,-1.078125,0.046875,-0.546875
622,1695741370801,-0.06201172,-0.99591064,0.066101074,-1.15625,0.484375,-0.625
623,1695741370841,-0.06323242,-0.98760986,0.07952881,-1.1875,-0.0625,-0.390625
624,1695741370861,-0.05444336,-0.9990845,0.082214355,-1.546875,0.515625,-0.484375
625,1695741370904,-0.059326172,-0.99224854,0.07537842,-0.734375,0.25,-0.359375
626,1695741370952,-0.05883789,-0.99786377,0.0758667,-1.28125,0.578125,-0.359375
627,1695741370981,-0.052978516,-0.99884033,0.08709717,-1.28125,0.703125,-0.578125
628,1695741371024,-0.0637207,-0.98931885,0.08001709,-0.84375,0.515625,-0.46875
629,1695741371080,-0.06298828,-0.9898071,0.081970215,-1.171875,0.546875,-0.203125
630,1695741371102,-0.0546875,-0.99664307,0.082214355,-2.359375,0.046875,-1.140625
631,1695741371141,-0.072021484,-0.9846802,0.09320068,-2.125,1.0625,-0.84375
632,1695741371182,-0.057128906,-0.99835205,0.09490967,-0.234375,-0.796875,0.015625
633,1695741371222,-0.056640625,-0.99591064,0.08416748,-1.65625,0.34375,-0.59375
634,1695741371261,-0.05810547,-0.99542236,0.086120605,-0.84375,0.9375,-0.5
635,1695741371304,-0.06640625,-0.99664307,0.08880615,-0.75,-0.21875,-0.515625
636,1695741371342,-0.06298828,-0.9981079,0.08929443,-1.203125,-0.09375,-0.59375
637,1695741371382,-0.07299805,-0.9915161,0.08294678,-0.765625,0.8125,-0.390625
638,1695741371422,-0.06567383,-1.005188,0.09320068,-0.953125,-0.0625,-0.25
639,1695741371462,-0.06347656,-0.9956665,0.09222412,-0.953125,0.296875,-0.46875
640,1695741371500,-0.06616211,-0.9944458,0.089538574,-0.765625,0.78125,-0.390625
641,1695741371542,-0.06933594,-0.99713135,0.08685303,-0.796875,0.0625,-0.28125
642,1695741371581,-0.064453125,-0.9956665,0.089538574,-1.296875,0.453125,-0.40625
643,1695741371623,-0.059570312,-1.003479,0.093688965,-0.65625,0.3125,-0.125
644,1695741371662,-0.0690918,-0.9924927,0.094177246,-0.859375,0.703125,-0.40625
645,1695741371704,-0.064941406,-0.99468994,0.0914917,-0.890625,-0.515625,-0.21875
646,1695741371743,-0.06347656,-0.9949341,0.0914917,-2.578125,0.671875,-0.796875
647,1695741371784,-0.06640625,-0.9963989,0.10467529,-0.078125,0.203125,0.0625
648,1695741371824,-0.064941406,-1.0032349,0.085632324,-0.609375,-0.03125,-0.34375
649,1695741371862,-0.055419922,-0.9907837,0.08929443,-1.140625,1.0625,-0.265625
650,1695741371902,-0.06933594,-0.9985962,0.097351074,-0.671875,0.03125,-0.328125
651,1695741371944,-0.068359375,-0.99835205,0.093444824,-0.78125,0.015625,-0.046875
652,1695741371982,-0.06542969,-0.9976196,0.097351074,-0.921875,0.515625,-0.171875
653,1695741372025,-0.06567383,-0.9949341,0.093933105,-0.296875,0.390625,0.21875
654,1695741372065,-0.05517578,-0.99542236,0.09490967,-1.140625,0.015625,-0.265625
655,1695741372083,-0.06762695,-0.987854,0.09295654,-0.515625,0.4375,-0.21875
656,1695741372121,-0.061523438,-0.9993286,0.09222412,-0.390625,0.265625,-0.125
657,1695741372162,-0.06542969,-0.99591064,0.09197998,-0.4375,-0.140625,-0.140625
658,1695741372204,-0.07080078,-0.9920044,0.09442139,-0.75,0.84375,-0.03125
659,1695741372242,-0.05908203,-0.99786377,0.09100342,0.140625,0.40625,0.015625
660,1695741372284,-0.06542969,-0.99591064,0.09906006,-0.40625,1.453125,0.296875
661,1695741372323,-0.057128906,-0.99005127,0.08026123,-1.140625,-0.9375,-0.53125
662,1695741372359,-0.080078125,-1.0012817,0.08880615,-1.125,1.59375,-0.421875
663,1695741372400,-0.0625,-0.99542236,0.09710693,0.8125,-0.625,0.3125
664,1695741372441,-0.059570312,-1.0027466,0.08929443,-1.125,0.71875,-0.4375
665,1695741372479,-0.059814453,-0.9981079,0.089538574,-0.015625,0.375,-0.25
666,1695741372520,-0.06323242,-1.0012817,0.08807373,-0.96875,0.296875,-0.25
667,1695741372559,-0.059814453,-0.9932251,0.093444824,-0.390625,0.296875,-0.5
668,1695741372599,-0.0637207,-0.9939575,0.094177246,-0.828125,1.390625,-0.4375
669,1695741372640,-0.0625,-0.99298096,0.0927124,-0.25,-0.765625,-0.265625
670,1695741372678,-0.060546875,-0.99102783,0.09320068,-1.296875,0.34375,-0.4375
671,1695741372719,-0.06274414,-0.99468994,0.090270996,-0.09375,0.796875,-0.484375
672,1695741372760,-0.06933594,-0.9902954,0.09490967,-0.515625,0.546875,-0.328125
673,1695741372802,-0.064453125,-0.99005127,0.08807373,-1.0,0.765625,-0.34375
674,1695741372842,-0.05883789,-0.99591064,0.090026855,-0.546875,0.140625,-0.078125
675,1695741372883,-0.056396484,-0.9985962,0.08782959,-0.25,1.03125,-0.5
676,1695741372921,-0.06665039,-0.9885864,0.09588623,-0.046875,0.484375,-0.09375
677,1695741372968,-0.060791016,-0.991272,0.085632324,-2.5,0.6875,-1.0625
678,1695741373001,-0.06665039,-0.98931885,0.1005249,-0.453125,0.484375,0.078125
679,1695741373042,-0.059326172,-0.9998169,0.090270996,0.296875,-0.59375,-0.046875
680,1695741373081,-0.057861328,-0.9898071,0.08685303,-1.3125,1.046875,-0.265625
681,1695741373122,-0.0690918,-0.99835205,0.093444824,0.140625,-0.046875,-0.28125
682,1695741373160,-0.061035156,-0.9985962,0.09173584,-1.140625,-0.03125,-0.296875
683,1695741373203,-0.060546875,-0.9883423,0.082214355,-0.3125,-0.46875,-0.296875
684,1695741373242,-0.06298828,-0.99102783,0.09197998,-0.765625,0.859375,-0.296875
685,1695741373301,-0.061523438,-0.99346924,0.089782715,-0.578125,-0.578125,-0.28125
686,1695741373304,-0.06542969,-0.99176025,0.08831787,-0.828125,0.0625,-0.53125
687,1695741373350,-0.06567383,-0.9939575,0.086364746,-0.40625,-0.03125,-0.296875
688,1695741373383,-0.064208984,-0.99468994,0.09637451,-1.078125,-0.03125,-0.3125
689,1695741373423,-0.055908203,-0.9998169,0.09222412,-0.65625,0.21875,-0.265625
690,1695741373462,-0.0703125,-0.99713135,0.085632324,-0.9375,0.28125,-0.390625
691,1695741373503,-0.0637207,-0.99346924,0.08929443,-0.484375,0.203125,-0.328125
692,1695741373543,-0.06201172,-0.99468994,0.09832764,-0.046875,0.3125,-0.015625
693,1695741373583,-0.055908203,-0.9944458,0.08929443,-2.359375,0.328125,-0.890625
694,1695741373623,-0.0769043,-0.9866333,0.0927124,-0.546875,0.4375,-0.34375
695,1695741373663,-0.06567383,-0.9985962,0.09613037,0.1875,-0.03125,-0.015625
696,1695741373701,-0.056640625,-0.99957275,0.08734131,-1.46875,0.65625,-0.390625
697,1695741373741,-0.068115234,-0.9932251,0.09613037,-0.109375,-0.5625,-0.40625
698,1695741373781,-0.06689453,-0.99591064,0.094177246,-1.375,0.34375,-0.328125
699,1695741373822,-0.07421875,-0.99224854,0.101501465,-0.3125,-0.03125,-0.359375
700,1695741373861,-0.0703125,-0.9927368,0.09466553,-0.703125,-0.328125,-0.296875
701,1695741373901,-0.0637207,-0.9993286,0.09490967,-0.296875,-0.578125,-0.25
702,1695741373942,-0.061035156,-0.9920044,0.09710693,-0.640625,-0.078125,-0.234375
703,1695741373983,-0.06323242,-1.0056763,0.09100342,-0.390625,-0.40625,-0.3125
704,1695741374023,-0.06689453,-0.99835205,0.09442139,-0.546875,0.03125,-0.203125
705,1695741374062,-0.06591797,-0.99298096,0.089538574,-0.578125,-0.09375,-0.171875
706,1695741374102,-0.0690918,-0.99591064,0.09490967,-0.421875,0.3125,-0.171875
707,1695741374142,-0.06958008,-0.9963989,0.0993042,-0.0625,0.359375,-0.328125
708,1695741374180,-0.06616211,-0.9949341,0.086120605,0.21875,-1.0625,0.078125
709,1695741374221,-0.05493164,-0.99102783,0.0848999,-1.9375,1.125,-0.75
710,1695741374262,-0.075683594,-0.98760986,0.09954834,0.453125,1.359375,-0.015625
711,1695741374301,-0.0690918,-1.0025024,0.085876465,-0.015625,-0.4375,-0.078125
712,1695741374348,-0.05908203,-0.99542236,0.08538818,-0.71875,0.5,-0.390625
713,1695741374384,-0.056884766,-0.9993286,0.09222412,0.21875,0.75,0.1875
714,1695741374426,-0.064453125,-0.9956665,0.08343506,-0.203125,-0.15625,-0.09375
715,1695741374463,-0.061279297,-0.99298096,0.074645996,-0.03125,-0.328125,-0.15625
716,1695741374524,-0.052978516,-0.98883057,0.09197998,-0.734375,0.921875,-0.015625
717,1695741374542,-0.060058594,-1.0003052,0.08929443,-0.4375,-1.0,-0.234375
718,1695741374564,-0.072021484,-0.99542236,0.08758545,-0.390625,0.125,-0.203125
719,1695741374643,-0.060302734,-1.0003052,0.08538818,0.21875,0.0,0.28125
720,1695741374646,-0.06518555,-1.0015259,0.086120605,0.53125,-0.015625,0.203125
721,1695741374682,-0.061279297,-0.99468994,0.08294678,0.359375,0.1875,0.140625
722,1695741374720,-0.052734375,-0.98809814,0.078552246,0.953125,-0.125,0.140625
723,1695741374760,-0.059326172,-1.0039673,0.07489014,0.625,0.140625,0.359375
724,1695741374801,-0.05078125,-0.9990845,0.074645996,-0.484375,0.078125,0.015625
725,1695741374842,-0.06958008,-0.9890747,0.07513428,0.28125,-0.078125,-0.046875
726,1695741374885,-0.060791016,-0.99835205,0.07611084,1.015625,0.21875,0.328125
727,1695741374923,-0.052978516,-0.99591064,0.06365967,-0.609375,0.484375,-0.3125
728,1695741374964,-0.052978516,-0.9939575,0.070007324,-0.015625,0.09375,-0.078125
729,1695741375004,-0.064941406,-1.0007935,0.07659912,-0.078125,-0.125,-0.0625
730,1695741375044,-0.057373047,-0.98760986,0.066589355,-0.515625,-0.046875,-0.265625
731,1695741375083,-0.061279297,-0.9944458,0.06903076,-0.796875,0.59375,-0.109375
732,1695741375123,-0.055419922,-0.9924927,0.070007324,-0.71875,-0.359375,-0.203125
733,1695741375162,-0.053466797,-0.99298096,0.07635498,-0.796875,0.25,-0.078125
734,1695741375201,-0.059814453,-1.0037231,0.06488037,-0.703125,-0.046875,-0.03125
735,1695741375242,-0.057617188,-0.99102783,0.06365967,-0.90625,-0.21875,0.078125
736,1695741375282,-0.057861328,-0.9902954,0.07098389,-0.984375,0.171875,-0.171875
737,1695741375324,-0.056884766,-1.003479,0.0692749,-0.234375,0.171875,-0.203125
738,1695741375360,-0.0625,-0.99884033,0.074645996,-0.546875,-0.109375,0.03125
739,1695741375401,-0.047851562,-0.9932251,0.06878662,-2.28125,0.125,-0.640625
740,1695741375442,-0.06542969,-0.989563,0.0692749,-0.0625,0.203125,-0.234375
741,1695741375483,-0.061279297,-0.99713135,0.073913574,-0.25,-0.03125,-0.015625
742,1695741375521,-0.051513672,-1.0005493,0.06341553,-1.65625,-0.0625,-0.40625
743,1695741375562,-0.05517578,-0.9907837,0.07318115,-0.984375,0.015625,-0.390625
744,1695741375604,-0.05908203,-0.99835205,0.07952881,-0.875,-0.109375,-0.296875
745,1695741375642,-0.05908203,-0.9976196,0.07342529,-0.53125,-0.03125,-0.453125
746,1695741375683,-0.063964844,-0.9949341,0.07293701,-1.4375,0.3125,-0.34375
747,1695741375744,-0.053710938,-0.9951782,0.07147217,-0.875,-0.421875,-0.390625
748,1695741375760,-0.053710938,-1.0003052,0.08026123,-1.5,0.625,-0.6875
749,1695741375781,-0.061035156,-0.9961548,0.07220459,-0.640625,0.296875,-0.578125
750,1695741375823,-0.06591797,-0.9990845,0.07684326,-1.484375,0.296875,-0.53125
751,1695741375862,-0.056152344,-0.9951782,0.07757568,-1.265625,0.140625,-0.359375
752,1695741375904,-0.056640625,-0.9937134,0.070495605,-0.71875,0.53125,-0.71875
753,1695741375943,-0.064697266,-0.9998169,0.08465576,-0.515625,0.46875,0.015625
754,1695741375984,-0.056396484,-0.9915161,0.070739746,-2.65625,0.578125,-1.09375
755,1695741376028,-0.07397461,-0.9963989,0.08123779,-0.5625,0.890625,-0.09375
756,1695741376062,-0.060058594,-1.0012817,0.08514404,-0.5,0.1875,-0.03125
757,1695741376103,-0.052978516,-1.000061,0.08294678,-1.625,1.0,-0.5625
758,1695741376143,-0.060058594,-1.00177,0.08026123,-0.875,-0.15625,-0.453125
759,1695741376182,-0.059814453,-0.9937134,0.08538818,-1.578125,0.234375,-0.203125
760,1695741376220,-0.049072266,-0.9956665,0.07952881,-1.28125,-0.109375,-0.359375
761,1695741376264,-0.05883789,-1.0037231,0.08099365,-0.796875,1.3125,-0.140625
762,1695741376303,-0.056884766,-0.99591064,0.07904053,-0.765625,-1.0,-0.109375
763,1695741376344,-0.048339844,-0.99591064,0.07928467,-1.53125,0.125,-0.65625
764,1695741376383,-0.059814453,-0.99591064,0.08905029,-0.9375,0.125,-0.390625
765,1695741376424,-0.060546875,-0.9981079,0.08660889,-1.453125,0.25,-0.390625
766,1695741376462,-0.0637207,-0.987854,0.08831787,-0.765625,0.21875,-0.1875
767,1695741376502,-0.05859375,-0.99298096,0.090026855,-1.734375,0.921875,-0.34375
768,1695741376542,-0.061279297,-0.99420166,0.08685303,-0.703125,-0.609375,-0.171875
769,1695741376581,-0.05908203,-0.99053955,0.0914917,-3.546875,1.984375,-1.25
770,1695741376625,-0.07104492,-0.99786377,0.10687256,-0.421875,1.3125,-0.125
771,1695741376662,-0.07080078,-0.99224854,0.08807373,-1.0625,-0.125,-0.59375
772,1695741376701,-0.053955078,-0.9949341,0.08929443,-1.546875,1.625,-0.53125
773,1695741376740,-0.057617188,-1.0012817,0.09661865,-0.40625,1.515625,-0.109375
774,1695741376780,-0.056152344,-0.99835205,0.097351074,-1.53125,0.484375,-0.328125
775,1695741376820,-0.06567383,-0.9924927,0.08905029,-1.046875,1.171875,-0.5625
776,1695741376863,-0.061767578,-0.9898071,0.10101318,-0.78125,1.515625,-0.1875
777,1695741376902,-0.05517578,-1.0029907,0.10394287,-0.796875,-0.328125,-0.234375
778,1695741376942,-0.05493164,-0.9944458,0.09515381,-0.40625,0.4375,-0.546875
779,1695741376983,-0.0690918,-0.9890747,0.09442139,-1.25,0.453125,-0.5625
780,1695741377002,-0.06274414,-0.99420166,0.09881592,-0.65625,0.09375,-0.3125
781,1695741377043,-0.064941406,-0.99591064,0.09710693,-0.703125,0.203125,-0.125
782,1695741377083,-0.06591797,-0.99102783,0.09906006,-0.796875,-0.15625,-0.234375
783,1695741377122,-0.057128906,-0.9998169,0.10296631,-0.34375,-1.65625,-0.0625
784,1695741377163,-0.061767578,-0.9939575,0.09466553,-2.390625,1.046875,-1.078125
785,1695741377202,-0.076660156,-1.0012817,0.10784912,0.203125,-0.3125,0.25
786,1695741377243,-0.061767578,-0.9993286,0.09100342,-0.625,-1.125,-0.171875
787,1695741377280,-0.05908203,-0.9951782,0.09710693,-0.921875,0.53125,-0.46875
788,1695741377320,-0.072509766,-0.99542236,0.09857178,0.453125,-0.4375,-0.140625
789,1695741377362,-0.067871094,-0.99176025,0.09979248,-0.234375,-0.328125,0.109375
790,1695741377401,-0.06665039,-0.9976196,0.08880615,0.484375,-0.359375,-0.34375
791,1695741377440,-0.06762695,-0.99346924,0.10003662,0.0,0.1875,0.09375
792,1695741377483,-0.063964844,-1.0049438,0.09710693,-0.28125,-0.125,-0.296875
793,1695741377521,-0.068603516,-0.9956665,0.1005249,0.046875,0.859375,-0.125
794,1695741377559,-0.064941406,-0.9951782,0.08807373,0.015625,-0.625,-0.171875
795,1695741377600,-0.06591797,-0.99005127,0.09124756,-0.28125,0.625,-0.3125
796,1695741377639,-0.057617188,-0.9956665,0.09857178,-0.078125,0.953125,-0.234375
797,1695741377680,-0.056152344,-0.9898071,0.08807373,0.140625,-1.09375,-0.265625
798,1695741377719,-0.05908203,-0.9985962,0.08782959,0.125,0.78125,-0.296875
799,1695741377759,-0.059814453,-0.9920044,0.085876465,-0.703125,-0.640625,-0.546875
800,1695741377798,-0.068359375,-0.99102783,0.09466553,-1.421875,1.3125,-0.6875
801,1695741377840,-0.06640625,-0.9939575,0.09637451,1.515625,-0.359375,0.296875
802,1695741377878,-0.059814453,-0.99053955,0.07611084,-0.4375,-0.3125,-0.03125
803,1695741377919,-0.05859375,-0.99005127,0.0848999,0.015625,-0.09375,-0.265625
804,1695741377961,-0.072509766,-0.99884033,0.08685303,0.015625,-0.125,0.03125
805,1695741378001,-0.05859375,-0.99420166,0.086364746,0.25,-0.296875,-0.09375
806,1695741378038,-0.059814453,-0.9961548,0.077819824,-0.3125,-0.359375,-0.21875
807,1695741378078,-0.068115234,-0.99591064,0.07659912,0.5625,-0.59375,0.015625
808,1695741378120,-0.056884766,-0.9976196,0.0848999,-0.671875,-0.53125,-0.109375
809,1695741378161,-0.06347656,-0.9963989,0.08343506,-0.53125,-0.3125,-0.078125
810,1695741378201,-0.06713867,-0.98687744,0.08734131,-0.328125,-0.609375,-0.0625
811,1695741378221,-0.0637207,-0.9932251,0.070739746,-0.609375,-0.53125,-0.234375
812,1695741378261,-0.061035156,-1.000061,0.074401855,-0.84375,-0.21875,-0.34375
813,1695741378300,-0.05810547,-0.9990845,0.08416748,-0.421875,-0.15625,-0.46875
814,1695741378340,-0.06542969,-0.99102783,0.0836792,-0.890625,0.109375,-0.296875
815,1695741378382,-0.064453125,-0.9976196,0.07269287,-1.6875,-0.453125,-0.671875
816,1695741378421,-0.06762695,-0.99224854,0.085632324,-1.203125,0.171875,-0.671875
817,1695741378461,-0.061279297,-0.99224854,0.09222412,-0.28125,0.796875,-0.296875
818,1695741378501,-0.060302734,-0.99224854,0.08050537,-1.484375,0.328125,-0.71875
819,1695741378542,-0.064941406,-0.9951782,0.07879639,-0.890625,0.359375,-0.375
820,1695741378582,-0.063964844,-0.99591064,0.08734131,-0.90625,0.234375,-0.1875
821,1695741378623,-0.0637207,-0.99298096,0.08709717,-0.46875,0.453125,-0.3125
822,1695741378663,-0.06933594,-0.9915161,0.07684326,-0.984375,0.25,-0.5625
823,1695741378700,-0.064941406,-0.9932251,0.08685303,-0.859375,0.015625,-0.171875
824,1695741378746,-0.06689453,-1.0032349,0.09515381,-1.3125,0.21875,-0.578125
825,1695741378779,-0.072265625,-0.9963989,0.08074951,-1.40625,-0.015625,-0.25
826,1695741378820,-0.063964844,-0.9927368,0.09051514,-1.5625,0.453125,-0.21875
827,1695741378861,-0.07006836,-0.9963989,0.08709717,-0.90625,0.0625,-0.1875
828,1695741378902,-0.06591797,-0.99420166,0.0848999,-1.609375,0.390625,-0.53125
829,1695741378944,-0.068847656,-0.99224854,0.09051514,-1.375,0.328125,-0.125
830,1695741378981,-0.064453125,-0.99224854,0.09295654,-1.0,0.15625,-0.1875
831,1695741379020,-0.06591797,-0.98565674,0.082214355,-0.609375,-0.296875,-0.21875
832,1695741379060,-0.068603516,-0.9927368,0.086364746,-2.71875,1.53125,-0.8125
833,1695741379102,-0.068847656,-0.9898071,0.105407715,-0.25,0.90625,0.359375
834,1695741379141,-0.067871094,-0.9963989,0.09173584,-0.265625,-0.015625,0.0
835,1695741379182,-0.059570312,-0.9920044,0.08685303,-0.703125,1.03125,-0.453125
836,1695741379221,-0.06640625,-1.0022583,0.09197998,-0.28125,0.953125,-0.015625
837,1695741379259,-0.06225586,-0.99664307,0.097351074,-0.296875,0.28125,0.015625
838,1695741379299,-0.055908203,-0.9951782,0.08050537,-0.4375,0.4375,0.0
839,1695741379344,-0.06542969,-0.99420166,0.09100342,0.15625,1.171875,0.125
840,1695741379386,-0.068359375,-1.0007935,0.09515381,-0.75,0.34375,-0.0625
841,1695741379438,-0.0637207,-0.99420166,0.090026855,-1.203125,1.234375,-0.3125
842,1695741379442,-0.053222656,-0.9937134,0.085876465,-1.09375,-0.140625,-0.15625
843,1695741379478,-0.05859375,-0.989563,0.09613037,-0.78125,0.640625,-0.078125
844,1695741379524,-0.06640625,-1.0005493,0.09124756,-0.796875,1.234375,0.03125
845,1695741379560,-0.061035156,-0.9963989,0.09515381,-0.390625,0.296875,-0.140625
846,1695741379601,-0.052001953,-0.99176025,0.0927124,-0.140625,0.5625,-0.078125
847,1695741379642,-0.057617188,-1.00177,0.09295654,-1.03125,0.859375,-0.15625
848,1695741379678,-0.052246094,-0.9993286,0.086120605,-1.375,-0.703125,-0.515625
849,1695741379724,-0.056152344,-0.98687744,0.09320068,-2.625,1.171875,-0.734375
850,1695741379762,-0.056884766,-0.9973755,0.0993042,0.109375,-0.140625,0.09375
851,1695741379801,-0.060791016,-1.0003052,0.086364746,-1.359375,0.53125,-0.078125
852,1695741379839,-0.05493164,-0.99786377,0.090270996,-1.125,-0.0625,-0.4375
853,1695741379879,-0.060302734,-0.9961548,0.098083496,-1.453125,0.265625,-0.390625
854,1695741379931,-0.057617188,-1.0007935,0.09954834,-0.875,-0.046875,-0.171875
855,1695741379961,-0.059814453,-0.99224854,0.08880615,-1.40625,0.0,-0.34375
856,1695741379999,-0.061279297,-0.9985962,0.10272217,-0.296875,0.578125,-0.171875
857,1695741380042,-0.057617188,-0.99786377,0.09442139,-0.828125,-0.53125,-0.296875
858,1695741380079,-0.059814453,-1.0007935,0.098083496,-0.796875,0.96875,-0.46875
859,1695741380119,-0.059814453,-1.000061,0.097595215,-0.671875,-0.4375,-0.09375
860,1695741380163,-0.052978516,-0.9907837,0.0993042,-1.109375,0.3125,-0.34375
861,1695741380199,-0.06274414,-1.0020142,0.09442139,-0.671875,0.53125,-0.390625
862,1695741380264,-0.064453125,-0.99835205,0.10614014,-1.09375,0.046875,-0.375
863,1695741380282,-0.052001953,-0.9932251,0.10321045,-0.578125,-0.015625,-0.140625
864,1695741380333,-0.06591797,-0.99542236,0.10467529,-0.53125,0.59375,-0.25
865,1695741380361,-0.05444336,-0.9920044,0.09661865,-0.296875,-1.3125,-0.25
866,1695741380399,-0.05859375,-0.9956665,0.09832764,-2.28125,1.015625,-0.484375
867,1695741380440,-0.064697266,-0.99224854,0.11029053,0.765625,0.03125,0.125
868,1695741380483,-0.061767578,-0.99835205,0.09954834,-0.671875,-0.015625,-0.234375
869,1695741380520,-0.05859375,-0.9885864,0.09710693,-0.109375,-0.015625,-0.421875
870,1695741380559,-0.06274414,-1.003479,0.09490967,0.0625,-0.421875,-0.171875
871,1695741380608,-0.057128906,-0.9981079,0.105163574,0.0,-0.703125,0.15625
872,1695741380660,-0.05859375,-0.9854126,0.09564209,-0.015625,-0.140625,-0.046875
873,1695741380679,-0.072753906,-0.9968872,0.097839355,0.5,0.234375,0.015625
874,1695741380702,-0.06958008,-0.9993286,0.09197998,-0.3125,-0.640625,-0.078125
875,1695741380778,-0.056152344,-0.99005127,0.09490967,0.234375,-0.578125,0.03125
876,1695741380781,-0.057373047,-0.99542236,0.0927124,0.46875,-0.640625,0.21875
877,1695741380819,-0.060302734,-0.99053955,0.09246826,0.34375,-0.3125,0.234375
878,1695741380859,-0.061035156,-0.99786377,0.090026855,0.28125,0.1875,0.34375
879,1695741380900,-0.057617188,-0.9885864,0.090026855,-0.09375,-0.171875,0.0625
880,1695741380943,-0.05908203,-1.0032349,0.08856201,0.828125,-0.140625,0.1875
881,1695741380981,-0.057861328,-0.991272,0.0836792,0.34375,-0.015625,0.0625
882,1695741381021,-0.05517578,-0.99786377,0.085632324,-0.125,-0.625,0.171875
883,1695741381069,-0.056396484,-0.99176025,0.08392334,-1.75,0.4375,-0.59375
884,1695741381106,-0.06225586,-1.0039673,0.090026855,0.984375,-0.09375,0.203125
885,1695741381145,-0.052734375,-0.99420166,0.07733154,-0.328125,-0.53125,-0.015625
886,1695741381178,-0.056152344,-0.99298096,0.08514404,-0.875,0.125,-0.40625
887,1695741381227,-0.056640625,-0.9968872,0.08099365,0.078125,-0.140625,-0.078125
888,1695741381259,-0.049316406,-0.99420166,0.08026123,-0.734375,-0.875,-0.0625
889,1695741381298,-0.052246094,-0.9976196,0.0770874,-0.75,-0.09375,-0.546875
890,1695741381338,-0.060058594,-0.99420166,0.08099365,-0.59375,0.3125,-0.03125
891,1695741381378,-0.051757812,-0.99884033,0.08465576,-0.890625,-0.765625,-0.390625
892,1695741381424,-0.0546875,-0.9907837,0.07635498,-1.03125,0.28125,-0.59375
893,1695741381457,-0.055908203,-0.99420166,0.078552246,-1.328125,0.109375,-0.3125
894,1695741381498,-0.05810547,-0.9956665,0.08319092,-0.6875,-0.078125,-0.21875
895,1695741381539,-0.04638672,-0.9898071,0.085876465,-1.40625,0.359375,-0.4375
896,1695741381578,-0.05883789,-0.99542236,0.08929443,-1.328125,0.40625,-0.484375
897,1695741381618,-0.053955078,-0.9961548,0.089782715,-0.625,0.25,-0.390625
898,1695741381658,-0.055908203,-0.9939575,0.08465576,-0.640625,-0.125,-0.140625
899,1695741381698,-0.04638672,-0.99224854,0.08392334,-2.484375,0.625,-0.984375
900,1695741381738,-0.060058594,-0.9976196,0.08807373,-1.125,0.765625,-0.34375
901,1695741381779,-0.05419922,-1.0007935,0.093933105,-0.421875,-0.140625,-0.125
902,1695741381818,-0.049804688,-1.0005493,0.08343506,-1.734375,0.359375,-0.4375
903,1695741381878,-0.057128906,-1.000061,0.08782959,-1.09375,0.546875,-0.71875
904,1695741381898,-0.061035156,-1.0029907,0.098083496,-1.171875,0.09375,-0.46875
905,1695741381919,-0.052001953,-0.9902954,0.090026855,-1.078125,-0.140625,-0.484375
906,1695741381958,-0.06591797,-0.9915161,0.09051514,-1.0625,1.046875,-0.375
907,1695741381998,-0.05810547,-0.9927368,0.090026855,-0.21875,-0.640625,-0.3125
908,1695741382039,-0.060058594,-0.9937134,0.093444824,-1.109375,0.40625,-0.484375
909,1695741382083,-0.05810547,-0.98760986,0.09124756,-0.25,0.1875,-0.25
910,1695741382121,-0.060791016,-0.99884033,0.090270996,-1.03125,0.625,-0.640625
911,1695741382161,-0.056396484,-0.9883423,0.094177246,-0.640625,0.265625,-0.484375
912,1695741382199,-0.0625,-0.9956665,0.090026855,-1.34375,0.578125,-0.375
913,1695741382239,-0.053955078,-0.9963989,0.093688965,-0.5,0.625,-0.6875
914,1695741382282,-0.049804688,-0.9985962,0.09588623,-0.640625,0.40625,-0.359375
915,1695741382322,-0.052978516,-0.9927368,0.08831787,-2.25,0.171875,-0.921875
916,1695741382362,-0.07006836,-0.9976196,0.098083496,-1.828125,0.671875,-0.75
917,1695741382403,-0.05810547,-1.0015259,0.10736084,0.0,0.140625,-0.25
918,1695741382443,-0.056152344,-0.99713135,0.093933105,-1.609375,0.703125,-0.703125
919,1695741382479,-0.061767578,-0.9951782,0.09442139,-1.015625,0.0625,-0.6875
920,1695741382521,-0.063964844,-0.99884033,0.09881592,-0.65625,0.359375,-0.34375
921,1695741382558,-0.05493164,-0.99542236,0.101745605,-0.9375,0.359375,-0.484375
