,timestamp,accel_x,accel_y,accel_z,gyro_x,gyro_y,gyro_z,ind
0,1695772634515,0.875,-0.12432861,0.47283936,1.390625,0.78125,0.046875,0
1,1695772634555,0.87646484,-0.11212158,0.4796753,-1.765625,0.859375,-1.421875,1
2,1695772634595,0.8881836,-0.09820557,0.4730835,-1.75,0.125,-2.703125,2
3,1695772634635,0.88378906,-0.120666504,0.45648193,-1.9375,-0.28125,-1.59375,3
4,1695772634675,0.8913574,-0.10479736,0.46551514,0.296875,1.140625,-0.03125,4
5,1695772634715,0.87939453,-0.12799072,0.47161865,-0.84375,-0.546875,0.265625,5
6,1695772634755,0.86279297,-0.10333252,0.49505615,0.6875,0.625,1.53125,6
7,1695772634795,0.87768555,-0.11431885,0.46185303,-0.03125,0.265625,-0.1875,7
8,1695772634835,0.87280273,-0.105529785,0.46600342,-1.78125,-0.46875,-1.59375,8
9,1695772634875,0.89208984,-0.11553955,0.4804077,-1.25,0.59375,-2.640625,9
10,1695772634915,0.8718262,-0.1326294,0.4784546,-0.859375,-1.625,-1.203125,10
11,1695772634955,0.8833008,-0.117248535,0.48309326,-2.921875,-1.1875,-2.671875,11
12,1695772634995,0.8737793,-0.13311768,0.46746826,-2.578125,0.109375,-1.140625,12
13,1695772635035,0.85546875,-0.10455322,0.47821045,1.28125,1.75,2.140625,13
14,1695772635075,0.8774414,-0.09429932,0.4953003,4.0625,1.5625,0.59375,14
15,1695772635115,0.8918457,-0.14630127,0.47650146,-3.15625,-2.65625,-2.765625,15
16,1695772635155,0.87890625,-0.10601807,0.47991943,-3.03125,-0.25,-1.703125,16
17,1695772635195,0.88720703,-0.105041504,0.48284912,-1.46875,0.75,-2.453125,17
18,1695772635235,0.8535156,-0.1182251,0.479187,-1.4375,-0.65625,0.875,18
19,1695772635275,0.8696289,-0.10845947,0.480896,-1.25,-1.71875,0.640625,19
20,1695772635315,0.8769531,-0.1338501,0.47747803,-1.828125,0.421875,0.40625,20
21,1695772635355,0.8713379,-0.14361572,0.49310303,-1.296875,-0.53125,0.421875,21
22,1695772635395,0.8864746,-0.12579346,0.48260498,-1.9375,-0.265625,-0.328125,22
23,1695772635435,0.87353516,-0.097473145,0.4796753,-0.6875,0.40625,-0.390625,23
24,1695772635475,0.87353516,-0.101867676,0.47650146,-0.734375,0.640625,-0.65625,24
25,1695772635515,0.8781738,-0.11602783,0.48382568,0.15625,-0.25,0.09375,25
26,1695772635555,0.86621094,-0.117004395,0.49066162,-0.953125,0.578125,0.921875,26
27,1695772635595,0.8835449,-0.12286377,0.4935913,0.421875,2.046875,-0.921875,27
28,1695772635635,0.8647461,-0.13458252,0.4694214,-1.890625,-0.078125,-0.46875,28
29,1695772635675,0.8708496,-0.09307861,0.50042725,2.1875,0.6875,1.34375,29
30,1695772635715,0.9016113,-0.13043213,0.480896,-0.328125,-0.5,-3.53125,30
31,1695772635755,0.8630371,-0.15704346,0.44573975,-6.1875,-3.25,-1.234375,31
32,1695772635795,0.9121094,-0.09918213,0.5248413,7.28125,6.796875,1.125,32
33,1695772635835,0.89282227,-0.17193604,0.5038452,0.359375,3.375,-1.046875,33
34,1695772635875,0.8713379,-0.097473145,0.46209717,-0.78125,4.90625,4.78125,34
35,1695772635915,0.8515625,-0.0803833,0.44329834,2.734375,5.46875,2.609375,35
36,1695772635955,0.8491211,-0.08917236,0.49383545,5.609375,5.6875,1.515625,36
37,1695772635995,0.8979492,-0.13092041,0.45892334,-1.890625,-3.90625,-2.09375,37
38,1695772636035,0.86743164,-0.15118408,0.4545288,-3.953125,0.25,-1.5,38
39,1695772636075,0.8754883,-0.124572754,0.4454956,-4.34375,2.296875,-0.671875,39
40,1695772636115,0.88305664,-0.101135254,0.45306396,-0.765625,1.59375,-1.0,40
41,1695772636155,0.8847656,-0.09918213,0.4467163,-0.4375,0.046875,-0.484375,41
42,1695772636195,0.9020996,-0.093322754,0.4413452,-0.4375,1.421875,-1.78125,42
43,1695772636235,0.89575195,-0.15020752,0.4623413,0.171875,0.640625,-3.59375,43
44,1695772636275,0.84887695,-0.14361572,0.43377686,-4.15625,-0.75,0.203125,44
45,1695772636315,0.88427734,-0.08428955,0.4628296,-0.125,-0.40625,-0.40625,45
46,1695772636355,0.9008789,-0.12677002,0.45941162,0.5625,-0.53125,-2.453125,46
47,1695772636395,0.876709,-0.12017822,0.4472046,-0.640625,1.109375,2.359375,47
48,1695772636435,0.9248047,-0.12628174,0.46575928,-1.015625,0.21875,-2.015625,48
49,1695772636475,0.8781738,-0.13580322,0.4533081,-2.28125,-0.5625,-0.1875,49
50,1695772636515,0.86865234,-0.108947754,0.44354248,-1.75,0.125,0.421875,50
51,1695772636555,0.88793945,-0.12408447,0.4533081,0.296875,0.6875,-0.5625,51
52,1695772636595,0.87524414,-0.12213135,0.4569702,-0.15625,-1.359375,0.828125,52
53,1695772636635,0.8984375,-0.11968994,0.46380615,-0.59375,-0.859375,-0.203125,53
54,1695772636675,0.8847656,-0.12945557,0.44891357,-0.875,-0.890625,0.21875,54
55,1695772636715,0.8808594,-0.11431885,0.4694214,0.515625,0.75,0.515625,55
56,1695772636755,0.87890625,-0.11968994,0.47210693,1.078125,-0.453125,0.859375,56
57,1695772636795,0.87524414,-0.11968994,0.47357178,-1.1875,-1.046875,0.203125,57
58,1695772636835,0.89086914,-0.12506104,0.46331787,-1.28125,1.015625,-1.25,58
59,1695772636875,0.87280273,-0.12310791,0.44769287,-2.359375,0.03125,0.15625,59
60,1695772636915,0.8911133,-0.11431885,0.46209717,0.65625,-0.09375,-0.078125,60
61,1695772636955,0.87646484,-0.12408447,0.463562,-0.25,-1.28125,0.1875,61
62,1695772636995,0.8725586,-0.113098145,0.46575928,-0.34375,0.484375,0.046875,62
63,1695772637035,0.88305664,-0.109680176,0.47088623,0.71875,0.484375,0.140625,63
64,1695772637075,0.89624023,-0.12384033,0.46575928,-2.578125,-2.140625,-1.3125,64
65,1695772637115,0.88671875,-0.116760254,0.4689331,-2.0,-0.484375,-1.53125,65
66,1695772637155,0.88842773,-0.124816895,0.46697998,-0.796875,0.59375,-0.078125,66
67,1695772637195,0.8786621,-0.12579346,0.47454834,0.46875,-0.375,0.734375,67
68,1695772637235,0.8757324,-0.109191895,0.4755249,-1.125,-0.734375,-0.09375,68
69,1695772637275,0.8781738,-0.10699463,0.45819092,-1.09375,-0.03125,-0.734375,69
70,1695772637315,0.8688965,-0.116760254,0.46746826,-0.078125,-0.0625,0.609375,70
71,1695772637355,0.87890625,-0.11456299,0.46575928,-0.609375,-0.4375,0.21875,71
72,1695772637395,0.8769531,-0.11383057,0.47406006,-1.4375,-0.296875,0.0,72
73,1695772637435,0.8833008,-0.11505127,0.47528076,-0.1875,1.59375,-0.125,73
74,1695772637475,0.876709,-0.12750244,0.46746826,-1.734375,0.78125,0.265625,74
75,1695772637515,0.87719727,-0.10430908,0.46307373,-1.796875,1.046875,1.40625,75
76,1695772637555,0.88427734,-0.11773682,0.4689331,0.3125,-1.109375,-1.34375,76
77,1695772637595,0.8894043,-0.11627197,0.47332764,0.5,-0.09375,-1.5625,77
78,1695772637635,0.87646484,-0.11651611,0.47991943,0.25,0.140625,0.234375,78
79,1695772637675,0.8918457,-0.11407471,0.46673584,-0.671875,0.78125,-0.78125,79
80,1695772637715,0.88964844,-0.11798096,0.4706421,-0.46875,0.625,-0.484375,80
81,1695772637755,0.873291,-0.109191895,0.45843506,-0.625,-0.609375,0.484375,81
82,1695772637795,0.87353516,-0.11187744,0.46795654,-0.359375,0.15625,0.171875,82
83,1695772637835,0.8737793,-0.12872314,0.47283936,0.3125,0.34375,-0.65625,83
84,1695772637875,0.87719727,-0.121154785,0.47235107,-1.21875,-0.46875,-0.4375,84
85,1695772637915,0.8808594,-0.12213135,0.46331787,-0.375,0.953125,-0.625,85
86,1695772637955,0.88549805,-0.120910645,0.46917725,-1.046875,0.640625,0.25,86
87,1695772637995,0.8811035,-0.10772705,0.4694214,-0.484375,0.265625,-0.078125,87
88,1695772638035,0.88916016,-0.1038208,0.48016357,-0.3125,-0.15625,-0.203125,88
89,1695772638075,0.88305664,-0.13946533,0.4689331,-1.515625,-1.0,-1.453125,89
90,1695772638115,0.86938477,-0.13116455,0.45916748,-2.765625,0.21875,-0.546875,90
91,1695772638155,0.8654785,-0.093322754,0.46258545,-1.640625,1.03125,1.21875,91
92,1695772638195,0.892334,-0.10284424,0.48895264,4.296875,-0.515625,-0.25,92
93,1695772638235,0.8955078,-0.1572876,0.4862671,-1.09375,-3.28125,-0.578125,93
94,1695772638275,0.8703613,-0.10699463,0.46820068,-1.609375,-0.21875,0.0625,94
95,1695772638315,0.8654785,-0.12432861,0.46697998,-0.390625,0.359375,0.8125,95
96,1695772638355,0.8635254,-0.09429932,0.46014404,-0.265625,0.96875,0.28125,96
97,1695772638395,0.8874512,-0.11090088,0.47283936,-0.203125,-0.40625,-1.203125,97
98,1695772638435,0.8737793,-0.13165283,0.46697998,-2.890625,-1.671875,-0.28125,98
99,1695772638475,0.88671875,-0.11383057,0.48602295,1.0625,1.4375,-0.46875,99
100,1695772638515,0.86694336,-0.13116455,0.4821167,0.0625,0.0,0.890625,100
101,1695772638555,0.86572266,-0.10601807,0.49505615,0.0,0.578125,0.59375,101
102,1695772638595,0.88305664,-0.11431885,0.47698975,-0.4375,0.0625,0.109375,102
103,1695772638635,0.88378906,-0.11431885,0.47161865,-2.921875,-1.6875,0.03125,103
104,1695772638675,0.8754883,-0.12677002,0.44744873,-4.390625,-0.59375,-2.0,104
105,1695772638715,0.8835449,-0.09136963,0.4796753,1.6875,2.765625,0.578125,105
106,1695772638755,0.888916,-0.13726807,0.48968506,-1.0,-1.5,-0.734375,106
107,1695772638795,0.8779297,-0.11480713,0.48065186,-2.296875,1.0,0.265625,107
108,1695772638835,0.88061523,-0.1104126,0.46673584,-3.296875,1.953125,-0.125,108
109,1695772638875,0.8745117,-0.101379395,0.46185303,0.0625,2.40625,0.140625,109
110,1695772638915,0.88671875,-0.109191895,0.49212646,1.328125,1.21875,0.125,110
111,1695772638955,0.88183594,-0.116760254,0.46331787,-3.640625,-0.546875,-0.765625,111
112,1695772638995,0.8725586,-0.10675049,0.46795654,-2.34375,0.890625,-0.328125,112
113,1695772639035,0.8898926,-0.094055176,0.46429443,0.171875,1.234375,0.109375,113
114,1695772639075,0.8864746,-0.12042236,0.45794678,-1.46875,-1.34375,-0.125,114
115,1695772639115,0.88378906,-0.09210205,0.463562,0.609375,0.265625,1.59375,115
116,1695772639155,0.8898926,-0.12335205,0.48553467,-0.53125,-1.46875,-0.203125,116
117,1695772639195,0.87768555,-0.109680176,0.4772339,-0.59375,-0.671875,-0.796875,117
118,1695772639235,0.8823242,-0.10479736,0.463562,-0.4375,0.640625,0.703125,118
119,1695772639275,0.8664551,-0.10015869,0.46575928,-0.296875,0.21875,-0.28125,119
120,1695772639315,0.88500977,-0.097717285,0.48065186,-0.328125,0.859375,-0.953125,120
121,1695772639355,0.8791504,-0.10284424,0.47747803,-1.21875,-0.125,-0.421875,121
122,1695772639395,0.8833008,-0.11895752,0.46990967,-1.734375,-0.578125,-1.21875,122
123,1695772639435,0.86987305,-0.10650635,0.4647827,0.40625,1.28125,1.8125,123
124,1695772639475,0.8730469,-0.09674072,0.48773193,-0.203125,-0.6875,1.3125,124
125,1695772639515,0.904541,-0.09136963,0.47625732,0.421875,-0.328125,-1.703125,125
126,1695772639555,0.88183594,-0.14239502,0.480896,-2.84375,-1.40625,-2.203125,126
127,1695772639595,0.87768555,-0.11138916,0.47357178,-3.921875,-1.234375,-2.453125,127
128,1695772639635,0.8625488,-0.09234619,0.48187256,0.265625,-0.1875,0.25,128
129,1695772639675,0.8881836,-0.11065674,0.47576904,-0.6875,-0.90625,-1.453125,129
130,1695772639715,0.8742676,-0.101623535,0.48968506,0.609375,-0.140625,-0.015625,130
131,1695772639755,0.87280273,-0.1182251,0.48284912,-0.015625,0.109375,0.671875,131
132,1695772639795,0.8757324,-0.10357666,0.48114014,-0.203125,0.25,1.46875,132
133,1695772639835,0.86938477,-0.10357666,0.4845581,-0.3125,1.71875,1.640625,133
134,1695772639875,0.8835449,-0.11187744,0.48651123,-0.3125,2.21875,0.59375,134
135,1695772639915,0.8654785,-0.109191895,0.4804077,-2.1875,0.015625,-0.21875,135
136,1695772639955,0.8652344,-0.09698486,0.48114014,-0.71875,0.765625,0.421875,136
137,1695772639995,0.8815918,-0.089904785,0.47943115,-0.59375,0.234375,0.359375,137
138,1695772640035,0.8679199,-0.10821533,0.47332764,-1.65625,-1.0625,-0.28125,138
139,1695772640075,0.8791504,-0.08502197,0.48236084,-0.421875,1.234375,-0.125,139
140,1695772640115,0.8901367,-0.11627197,0.47650146,-1.4375,-0.296875,-1.578125,140
141,1695772640155,0.88549805,-0.10723877,0.480896,-1.75,0.0,-0.65625,141
142,1695772640195,0.87719727,-0.108947754,0.4772339,-1.421875,1.5625,-0.234375,142
143,1695772640235,0.8613281,-0.10455322,0.48358154,-1.390625,1.453125,0.046875,143
144,1695772640275,0.8847656,-0.09649658,0.4706421,-2.203125,1.125,-1.625,144
145,1695772640315,0.8925781,-0.09552002,0.4664917,-2.515625,1.265625,-1.8125,145
146,1695772640355,0.8630371,-0.097961426,0.46380615,-1.0,0.109375,-0.046875,146
147,1695772640395,0.8791504,-0.10406494,0.47869873,3.21875,0.265625,0.359375,147
148,1695772640435,0.8967285,-0.1296997,0.49017334,-0.296875,0.0,-0.875,148
149,1695772640475,0.87841797,-0.11871338,0.47821045,-1.265625,-0.703125,0.046875,149
150,1695772640515,0.88061523,-0.101379395,0.46673584,-0.328125,0.21875,1.15625,150
151,1695772640555,0.8774414,-0.07989502,0.47528076,0.28125,0.3125,-0.15625,151
152,1695772640595,0.88012695,-0.09527588,0.4689331,-0.09375,-0.765625,-2.046875,152
153,1695772640635,0.8691406,-0.12432861,0.49261475,-0.84375,0.59375,-0.125,153
154,1695772640675,0.888916,-0.1116333,0.48895264,-0.984375,3.0,0.234375,154
155,1695772640715,0.89697266,-0.109191895,0.4491577,-3.546875,0.203125,0.15625,155
156,1695772640755,0.876709,-0.08917236,0.46551514,-1.65625,0.5625,1.296875,156
157,1695772640795,0.8876953,-0.10235596,0.46429443,-1.515625,-0.421875,-0.375,157
158,1695772640835,0.8666992,-0.10235596,0.46331787,-2.265625,-2.515625,-0.796875,158
159,1695772640875,0.8859863,-0.085510254,0.5231323,4.15625,1.03125,-0.046875,159
160,1695772640915,0.923584,-0.15704346,0.5114136,1.1875,-1.375,-0.75,160
161,1695772640955,0.8483887,-0.11529541,0.47332764,-3.53125,-3.046875,2.796875,161
162,1695772640995,0.8701172,-0.057922363,0.46697998,-1.421875,3.203125,1.390625,162
163,1695772641035,0.8937988,-0.07525635,0.46575928,-0.34375,3.28125,-2.6875,163
164,1695772641075,0.87890625,-0.11407471,0.47650146,-2.78125,-1.703125,-0.171875,164
165,1695772641115,0.88964844,-0.097229004,0.479187,-2.65625,-0.96875,1.59375,165
166,1695772641155,0.88305664,-0.117492676,0.4784546,-4.703125,-1.3125,-1.6875,166
167,1695772641195,0.8601074,-0.09234619,0.48724365,-3.015625,1.75,0.375,167
168,1695772641235,0.8664551,-0.07501221,0.463562,-2.109375,0.078125,1.71875,168
169,1695772641275,0.8769531,-0.06793213,0.47088623,-0.90625,-0.484375,0.9375,169
170,1695772641315,0.86694336,-0.08477783,0.48162842,-2.234375,-0.6875,-0.078125,170
171,1695772641355,0.86206055,-0.093566895,0.48651123,-2.0625,-1.1875,-0.9375,171
172,1695772641395,0.8642578,-0.081848145,0.45819092,0.109375,-0.078125,-0.125,172
173,1695772641435,0.86450195,-0.070129395,0.4960327,3.796875,1.046875,-0.234375,173
174,1695772641475,0.8815918,-0.11065674,0.48895264,-0.046875,-3.109375,-1.421875,174
175,1695772641515,0.87939453,-0.108947754,0.48358154,-3.015625,-1.671875,0.609375,175
176,1695772641555,0.88256836,-0.08258057,0.48724365,-0.890625,2.640625,1.640625,176
177,1695772641595,0.86694336,-0.07598877,0.4887085,-1.3125,1.125,-0.015625,177
178,1695772641635,0.87231445,-0.0725708,0.49017334,0.28125,1.328125,-1.6875,178
179,1695772641675,0.8823242,-0.08502197,0.46966553,-1.8125,-0.28125,-1.640625,179
180,1695772641715,0.86865234,-0.105773926,0.4862671,1.171875,0.390625,-0.484375,180
181,1695772641755,0.888916,-0.11578369,0.4923706,0.6875,0.25,0.5,181
182,1695772641795,0.8845215,-0.089416504,0.49017334,-1.625,-0.0625,-0.34375,182
183,1695772641835,0.88720703,-0.08355713,0.47943115,-0.515625,0.15625,-1.53125,183
184,1695772641875,0.8742676,-0.08306885,0.47943115,0.15625,0.34375,0.125,184
185,1695772641915,0.88720703,-0.07867432,0.49969482,1.484375,0.703125,0.484375,185
186,1695772641955,0.8876953,-0.11114502,0.46600342,-2.703125,-1.1875,-0.71875,186
187,1695772641995,0.8652344,-0.09161377,0.49139404,-0.046875,0.625,1.625,187
188,1695772642035,0.8781738,-0.093322754,0.4857788,1.015625,0.390625,-0.046875,188
189,1695772642075,0.8696289,-0.09088135,0.48480225,-0.0625,-0.296875,0.078125,189
190,1695772642115,0.89453125,-0.09039307,0.49261475,-0.296875,1.078125,-0.71875,190
191,1695772642155,0.8881836,-0.09527588,0.47625732,-1.15625,-0.359375,-0.171875,191
192,1695772642195,0.8664551,-0.08648682,0.47357178,-1.53125,-0.125,0.390625,192
193,1695772642235,0.87524414,-0.07965088,0.49261475,2.171875,2.609375,-0.03125,193
194,1695772642275,0.8713379,-0.09893799,0.47479248,-3.078125,-1.921875,-1.34375,194
195,1695772642315,0.87768555,-0.08428955,0.49505615,0.890625,0.6875,0.296875,195
196,1695772642355,0.8835449,-0.105041504,0.47894287,-0.5,-0.5625,-0.96875,196
197,1695772642395,0.87158203,-0.09161377,0.4850464,-1.515625,0.5,-0.953125,197
198,1695772642435,0.86816406,-0.07745361,0.480896,0.59375,1.125,0.21875,198
199,1695772642475,0.87939453,-0.09063721,0.47576904,-1.4375,-0.84375,0.53125,199
200,1695772642515,0.8935547,-0.09552002,0.48382568,0.71875,1.15625,-0.625,200
201,1695772642555,0.8811035,-0.11114502,0.4874878,-1.796875,-0.578125,-0.15625,201
202,1695772642595,0.88183594,-0.09918213,0.49798584,-3.203125,-1.65625,0.71875,202
203,1695772642635,0.8833008,-0.081848145,0.5043335,-1.203125,-0.203125,1.90625,203
204,1695772642675,0.90844727,-0.10015869,0.52264404,1.328125,6.828125,-0.1875,204
205,1695772642715,0.8815918,-0.0725708,0.44769287,0.15625,2.578125,1.4375,205
206,1695772642755,0.8547363,-0.07476807,0.4611206,2.28125,1.609375,0.96875,206
207,1695772642795,0.8520508,-0.054016113,0.46209717,2.578125,3.078125,0.015625,207
208,1695772642835,0.8676758,-0.08502197,0.4706421,2.578125,0.78125,-3.109375,208
209,1695772642875,0.8791504,-0.12872314,0.4677124,-0.078125,-1.34375,-2.09375,209
210,1695772642915,0.92089844,-0.12530518,0.47503662,0.40625,-0.40625,-0.453125,210
211,1695772642955,0.8833008,-0.10333252,0.47113037,-1.46875,0.3125,1.125,211
212,1695772642995,0.8852539,-0.057678223,0.45672607,-0.234375,1.484375,-0.109375,212
213,1695772643035,0.892334,-0.06817627,0.45599365,1.75,1.328125,-0.875,213
214,1695772643075,0.8835449,-0.10601807,0.47650146,1.3125,-0.734375,0.421875,214
215,1695772643115,0.87402344,-0.101867676,0.47479248,-2.046875,-1.515625,1.09375,215
216,1695772643155,0.88842773,-0.11846924,0.48284912,-2.6875,-1.296875,-0.984375,216
217,1695772643195,0.8815918,-0.120666504,0.48602295,-5.453125,-1.53125,1.59375,217
218,1695772643235,0.90527344,-0.06549072,0.4977417,-2.125,5.421875,1.390625,218
219,1695772643275,0.8754883,-0.08746338,0.4616089,-2.796875,1.296875,-0.671875,219
220,1695772643315,0.8547363,-0.050842285,0.45159912,-0.8125,0.640625,0.46875,220
221,1695772643355,0.8671875,-0.065979004,0.47698975,2.234375,1.78125,0.421875,221
222,1695772643395,0.84765625,-0.08673096,0.43548584,0.484375,-0.359375,-2.390625,222
223,1695772643435,0.8781738,-0.08526611,0.45721436,1.546875,0.265625,-4.515625,223
224,1695772643475,0.9003906,-0.13604736,0.48797607,3.421875,-0.640625,-1.546875,224
225,1695772643515,0.9001465,-0.11993408,0.47161865,-0.078125,-0.828125,2.03125,225
226,1695772643555,0.89282227,-0.09112549,0.47088623,-0.1875,1.328125,1.8125,226
227,1695772643595,0.8820801,-0.06451416,0.46722412,1.84375,1.078125,0.609375,227
228,1695772643635,0.8835449,-0.08746338,0.47283936,1.484375,0.46875,0.5,228
229,1695772643675,0.88500977,-0.085998535,0.4713745,-1.984375,-1.75,-0.5,229
230,1695772643715,0.8811035,-0.1104126,0.4701538,-2.890625,-0.859375,-1.578125,230
231,1695772643755,0.87768555,-0.10821533,0.47601318,-0.046875,0.8125,-0.359375,231
232,1695772643795,0.9008789,-0.10235596,0.46722412,1.03125,0.546875,-0.25,232
233,1695772643835,0.8845215,-0.09161377,0.47454834,0.34375,0.109375,0.9375,233
234,1695772643875,0.8757324,-0.08062744,0.45721436,-1.15625,-0.46875,0.109375,234
235,1695772643915,0.88793945,-0.09527588,0.47650146,-0.546875,-0.921875,-1.59375,235
236,1695772643955,0.8847656,-0.08795166,0.4821167,-1.75,-1.953125,-0.5625,236
237,1695772643995,0.87890625,-0.10406494,0.4640503,-1.765625,-0.328125,-1.4375,237
238,1695772644035,0.87402344,-0.08843994,0.46600342,-1.1875,0.921875,-0.65625,238
239,1695772644075,0.8996582,-0.10430908,0.48016357,0.0625,-1.0,-1.515625,239
240,1695772644115,0.89282227,-0.13458252,0.49188232,-4.703125,-3.90625,-0.25,240
241,1695772644155,0.9160156,-0.10064697,0.524353,-1.984375,7.125,1.03125,241
242,1695772644195,0.8840332,-0.09185791,0.4647827,-4.796875,4.171875,1.625,242
243,1695772644235,0.8432617,-0.026184082,0.43206787,-2.515625,-2.03125,1.296875,243
244,1695772644275,0.84765625,-0.05718994,0.46868896,3.859375,1.953125,0.375,244
245,1695772644315,0.8562012,-0.07940674,0.449646,-2.59375,1.03125,-2.609375,245
246,1695772644355,0.8679199,-0.11578369,0.48529053,-1.234375,-1.46875,-3.515625,246
247,1695772644395,0.9169922,-0.12042236,0.47210693,0.171875,-4.40625,-3.015625,247
248,1695772644435,0.89501953,-0.1404419,0.48797607,-0.03125,1.75,0.5625,248
249,1695772644475,0.8833008,-0.06549072,0.46966553,0.96875,1.96875,4.0,249
250,1695772644515,0.88916016,-0.05328369,0.46722412,-0.125,-0.046875,0.84375,250
251,1695772644555,0.8781738,-0.06451416,0.4640503,-0.234375,-1.390625,-3.25,251
252,1695772644595,0.87109375,-0.12652588,0.47479248,1.578125,0.734375,-2.390625,252
253,1695772644635,0.8774414,-0.11212158,0.49822998,-0.296875,-0.484375,-0.84375,253
254,1695772644675,0.9003906,-0.13165283,0.4533081,-7.25,-3.578125,-2.34375,254
255,1695772644715,0.89941406,-0.08770752,0.539978,3.328125,6.3125,3.75,255
256,1695772644755,0.92285156,-0.11773682,0.5048218,-1.015625,2.734375,1.234375,256
257,1695772644795,0.8562012,-0.050842285,0.44696045,-4.859375,-1.046875,-0.28125,257
258,1695772644835,0.8144531,-0.054748535,0.4430542,0.59375,1.6875,1.484375,258
259,1695772644875,0.83618164,-0.05621338,0.4381714,4.34375,2.234375,-1.53125,259
260,1695772644915,0.89086914,-0.11016846,0.48529053,1.609375,-3.375,-4.703125,260
261,1695772644955,0.9213867,-0.14874268,0.47821045,-4.34375,-5.0625,-2.25,261
262,1695772644995,0.89941406,-0.14263916,0.47503662,-2.75,0.375,-0.1875,262
263,1695772645035,0.89868164,-0.10211182,0.4755249,2.671875,5.0625,3.328125,263
264,1695772645075,0.8808594,-0.05670166,0.47894287,2.828125,0.90625,2.84375,264
265,1695772645115,0.8774414,-0.0635376,0.4677124,0.40625,-1.3125,-0.703125,265
266,1695772645155,0.87402344,-0.09625244,0.46746826,-1.390625,-1.5,-2.046875,266
267,1695772645195,0.8811035,-0.12384033,0.4935913,-3.59375,-2.0625,-2.296875,267
268,1695772645235,0.8833008,-0.11627197,0.47625732,-1.5,-0.59375,-0.015625,268
269,1695772645275,0.8894043,-0.09454346,0.480896,0.78125,0.5,1.015625,269
270,1695772645315,0.8815918,-0.094055176,0.45916748,-1.5,-0.09375,0.34375,270
271,1695772645355,0.8544922,-0.08648682,0.48187256,0.703125,1.171875,0.640625,271
272,1695772645395,0.88793945,-0.09429932,0.49432373,1.359375,-1.46875,-0.5625,272
273,1695772645435,0.87524414,-0.117492676,0.4869995,-2.84375,-1.90625,-1.453125,273
274,1695772645475,0.8798828,-0.08428955,0.4743042,-2.203125,0.171875,-0.59375,274
275,1695772645515,0.88793945,-0.09552002,0.48406982,-0.765625,-0.421875,-0.96875,275
276,1695772645555,0.86865234,-0.09625244,0.48236084,-0.921875,-0.84375,-0.546875,276
277,1695772645595,0.87353516,-0.09454346,0.47869873,-0.796875,0.25,-0.140625,277
278,1695772645635,0.8833008,-0.10479736,0.49139404,-0.375,-0.234375,-0.96875,278
279,1695772645675,0.8671875,-0.10699463,0.4899292,-1.125,0.515625,-0.4375,279
280,1695772645715,0.8769531,-0.089416504,0.47772217,-1.390625,0.375,-0.875,280
281,1695772645755,0.8913574,-0.09844971,0.48382568,-0.75,-1.78125,-1.9375,281
282,1695772645795,0.86938477,-0.10845947,0.4779663,-1.84375,-0.3125,-1.046875,282
283,1695772645835,0.8564453,-0.0947876,0.48138428,-1.25,0.40625,0.40625,283
284,1695772645875,0.88549805,-0.10650635,0.49334717,-0.015625,-1.1875,-2.25,284
285,1695772645915,0.8737793,-0.13555908,0.494812,-5.34375,-2.4375,1.671875,285
286,1695772645955,0.9226074,-0.08648682,0.53948975,2.15625,8.09375,0.546875,286
287,1695772645995,0.88378906,-0.12335205,0.47943115,-5.4375,3.859375,1.078125,287
288,1695772646035,0.83251953,-0.039611816,0.4393921,-2.75,0.65625,2.734375,288
289,1695772646075,0.84643555,-0.06573486,0.465271,2.4375,3.359375,0.734375,289
290,1695772646115,0.8469238,-0.09869385,0.4611206,-1.953125,2.0,-3.6875,290
291,1695772646155,0.8911133,-0.11529541,0.50579834,-2.640625,-2.078125,-4.25,291
292,1695772646195,0.9013672,-0.1338501,0.43304443,-6.859375,-5.4375,-4.21875,292
293,1695772646235,0.8972168,-0.10284424,0.4882202,2.078125,3.625,0.328125,293
294,1695772646275,0.9003906,-0.085754395,0.479187,2.96875,0.875,2.28125,294
295,1695772646315,0.8474121,-0.07281494,0.49163818,-1.5,-3.125,0.875,295
296,1695772646355,0.8754883,-0.08306885,0.47503662,-0.484375,-0.390625,-0.359375,296
297,1695772646395,0.8781738,-0.11456299,0.4833374,-2.015625,-1.15625,-3.21875,297
298,1695772646435,0.86499023,-0.12432861,0.4977417,-2.46875,-1.59375,-0.546875,298
299,1695772646475,0.8898926,-0.08721924,0.47088623,-1.28125,-0.484375,0.296875,299
300,1695772646515,0.8952637,-0.10333252,0.48431396,1.421875,0.75,-0.046875,300
301,1695772646555,0.8762207,-0.09185791,0.4725952,1.109375,-0.90625,1.484375,301
302,1695772646595,0.86865234,-0.11993408,0.47772217,0.546875,-2.03125,1.140625,302
303,1695772646635,0.8654785,-0.09869385,0.5055542,1.75,1.40625,0.3125,303
304,1695772646675,0.8720703,-0.108947754,0.50653076,-0.78125,-1.859375,-1.28125,304
305,1695772646715,0.8659668,-0.09136963,0.496521,-2.078125,-0.234375,0.140625,305
306,1695772646755,0.87475586,-0.08453369,0.48480225,-0.515625,1.234375,-0.328125,306
307,1695772646795,0.8757324,-0.09161377,0.4779663,-0.875,-0.203125,-1.5,307
308,1695772646835,0.85913086,-0.1104126,0.50115967,1.734375,-0.03125,0.8125,308
309,1695772646875,0.87768555,-0.11065674,0.49871826,0.109375,0.109375,-0.5,309
310,1695772646915,0.86621094,-0.10601807,0.49017334,-2.0625,0.3125,-1.0,310
311,1695772646955,0.87402344,-0.08843994,0.4953003,-1.171875,0.234375,-0.53125,311
312,1695772646995,0.88378906,-0.09283447,0.47821045,-0.3125,0.40625,-0.328125,312
313,1695772647035,0.8652344,-0.10797119,0.49139404,0.90625,0.84375,0.875,313
314,1695772647075,0.8798828,-0.10235596,0.49945068,-1.171875,-0.125,-0.40625,314
315,1695772647115,0.87280273,-0.101135254,0.49041748,-1.296875,-0.265625,-0.84375,315
316,1695772647155,0.8745117,-0.10797119,0.48529053,0.484375,0.40625,0.296875,316
317,1695772647195,0.88671875,-0.10284424,0.494812,0.625,0.890625,0.171875,317
318,1695772647235,0.86743164,-0.09967041,0.4882202,-0.796875,-0.6875,0.25,318
319,1695772647275,0.8815918,-0.09454346,0.48406982,-1.046875,-0.046875,-0.484375,319
320,1695772647315,0.8757324,-0.10284424,0.49041748,1.296875,1.21875,0.1875,320
321,1695772647355,0.8742676,-0.11016846,0.4850464,-0.765625,-1.078125,0.453125,321
322,1695772647395,0.8828125,-0.10723877,0.4845581,-2.578125,-0.90625,0.28125,322
323,1695772647435,0.8786621,-0.10821533,0.53240967,-0.0625,-0.015625,2.53125,323
324,1695772647475,0.90283203,-0.11090088,0.5404663,-1.4375,3.859375,-1.0,324
325,1695772647515,0.8684082,-0.07940674,0.45672607,-8.25,2.21875,0.234375,325
326,1695772647555,0.842041,-0.04083252,0.44525146,-1.671875,0.453125,0.140625,326
327,1695772647595,0.8371582,-0.06719971,0.49066162,2.796875,2.453125,0.15625,327
328,1695772647635,0.8486328,-0.101135254,0.47479248,-0.625,0.25,-2.046875,328
329,1695772647675,0.89624023,-0.12677002,0.49163818,-3.90625,-1.484375,-4.046875,329
330,1695772647715,0.89575195,-0.13653564,0.46990967,-5.6875,-2.84375,-2.28125,330
331,1695772647755,0.907959,-0.08648682,0.52386475,5.140625,4.53125,2.421875,331
332,1695772647795,0.8754883,-0.08477783,0.4784546,0.265625,-1.140625,1.046875,332
333,1695772647835,0.85009766,-0.061828613,0.47357178,0.328125,0.453125,-0.328125,333
334,1695772647875,0.876709,-0.08331299,0.4804077,1.890625,0.328125,-1.25,334
335,1695772647915,0.8757324,-0.12286377,0.4869995,-1.328125,-1.421875,-1.734375,335
336,1695772647955,0.8823242,-0.10455322,0.48260498,-1.796875,-1.015625,-0.8125,336
337,1695772647995,0.89086914,-0.10821533,0.50213623,-2.015625,-1.390625,-0.21875,337
338,1695772648035,0.87280273,-0.12188721,0.51605225,-6.03125,-4.5,4.453125,338
339,1695772648075,0.90966797,-0.0713501,0.5331421,-0.34375,8.203125,0.71875,339
340,1695772648115,0.8547363,-0.07208252,0.46746826,-3.203125,2.78125,-0.046875,340
341,1695772648155,0.8144531,-0.04449463,0.43206787,0.359375,-1.625,-0.296875,341
342,1695772648195,0.845459,-0.06378174,0.49139404,6.109375,2.953125,-1.03125,342
343,1695772648235,0.89453125,-0.1260376,0.48138428,2.265625,-0.3125,-2.828125,343
344,1695772648275,0.892334,-0.15997314,0.4928589,-3.25,-2.5,-0.71875,344
345,1695772648315,0.8864746,-0.09844971,0.48797607,-0.90625,3.96875,2.671875,345
346,1695772648355,0.89868164,-0.06890869,0.47039795,-1.546875,1.15625,-1.015625,346
347,1695772648395,0.86987305,-0.05621338,0.47381592,0.375,1.046875,-0.78125,347
348,1695772648435,0.88500977,-0.07330322,0.4874878,2.234375,0.0625,-1.34375,348
349,1695772648475,0.875,-0.13360596,0.47235107,-3.21875,-1.859375,-0.390625,349
350,1695772648515,0.8635254,-0.109436035,0.4887085,-4.328125,-1.640625,0.3125,350
351,1695772648555,0.888916,-0.09210205,0.50946045,-0.453125,0.953125,0.796875,351
352,1695772648595,0.9057617,-0.10357666,0.48529053,-2.578125,3.078125,0.203125,352
353,1695772648635,0.86499023,-0.045959473,0.44476318,-1.234375,1.203125,0.234375,353
354,1695772648675,0.8479004,-0.062805176,0.4557495,4.109375,0.1875,-0.9375,354
355,1695772648715,0.88549805,-0.1038208,0.5055542,4.1875,0.921875,-2.9375,355
356,1695772648755,0.888916,-0.15802002,0.4804077,-3.40625,-4.203125,-2.15625,356
357,1695772648795,0.87597656,-0.11431885,0.4796753,-4.375,0.171875,0.78125,357
358,1695772648835,0.88549805,-0.08135986,0.4833374,1.6875,3.5,0.53125,358
359,1695772648875,0.8725586,-0.07745361,0.4784546,-0.703125,-1.671875,-0.5,359
360,1695772648915,0.86865234,-0.08258057,0.47454834,-0.453125,-0.921875,-0.390625,360
361,1695772648955,0.8691406,-0.101867676,0.48358154,0.265625,1.21875,-0.546875,361
362,1695772648995,0.87768555,-0.109436035,0.49993896,-0.5,-0.34375,-1.203125,362
363,1695772649035,0.8745117,-0.1116333,0.48406982,-1.78125,-0.296875,-0.34375,363
364,1695772649075,0.8845215,-0.093566895,0.47503662,-0.609375,0.671875,0.296875,364
365,1695772649115,0.88183594,-0.08892822,0.48431396,-0.1875,-0.59375,-0.59375,365
366,1695772649155,0.8625488,-0.10064697,0.4743042,-0.953125,0.765625,-0.46875,366
367,1695772649195,0.88134766,-0.09210205,0.48895264,-0.4375,1.203125,-0.859375,367
368,1695772649235,0.876709,-0.08892822,0.47381592,-0.984375,-0.25,-0.734375,368
369,1695772649275,0.86816406,-0.101867676,0.48602295,2.28125,0.90625,1.65625,369
370,1695772649315,0.8955078,-0.10821533,0.49163818,0.578125,-0.625,-1.625,370
371,1695772649355,0.88012695,-0.11236572,0.4796753,-1.796875,-0.765625,-0.4375,371
372,1695772649395,0.87280273,-0.11114502,0.46624756,-3.40625,-2.328125,1.5625,372
373,1695772649435,0.8947754,-0.07550049,0.5253296,1.09375,2.734375,2.390625,373
374,1695772649475,0.90356445,-0.113586426,0.5219116,-1.8125,4.078125,-0.46875,374
375,1695772649515,0.8564453,-0.07672119,0.42010498,-4.703125,0.15625,2.0625,375
376,1695772649555,0.84643555,-0.044006348,0.47503662,5.09375,2.890625,1.96875,376
377,1695772649595,0.8491211,-0.09210205,0.46820068,3.1875,1.171875,-2.484375,377
378,1695772649635,0.87768555,-0.11895752,0.4850464,-2.09375,-2.984375,-3.421875,378
379,1695772649675,0.90625,-0.13409424,0.46429443,-2.03125,-2.234375,-3.8125,379
380,1695772649715,0.9033203,-0.11383057,0.48382568,1.828125,3.078125,1.8125,380
381,1695772649755,0.8911133,-0.08673096,0.48529053,1.859375,0.9375,3.296875,381
382,1695772649795,0.85302734,-0.06329346,0.46380615,-0.15625,-0.265625,2.984375,382
383,1695772649835,0.86938477,-0.07208252,0.47943115,1.71875,1.6875,-1.421875,383
384,1695772649875,0.88134766,-0.12384033,0.47357178,-2.328125,-2.546875,-2.5625,384
385,1695772649915,0.88500977,-0.14996338,0.47235107,-7.984375,-2.609375,-0.75,385
386,1695772649955,0.89086914,-0.08453369,0.5314331,-1.15625,1.390625,1.515625,386
387,1695772649995,0.91503906,-0.12506104,0.5038452,-3.453125,1.28125,-0.640625,387
388,1695772650035,0.85498047,-0.05230713,0.42547607,-4.390625,1.625,2.421875,388
389,1695772650075,0.84521484,-0.02130127,0.46087646,4.6875,2.25,-0.53125,389
390,1695772650115,0.8671875,-0.08428955,0.47454834,3.96875,-1.875,-3.78125,390
391,1695772650155,0.8911133,-0.15216064,0.5062866,-1.828125,-2.421875,-3.171875,391
392,1695772650195,0.89331055,-0.12701416,0.46185303,-3.75,-2.296875,-1.0,392
393,1695772650235,0.8967285,-0.10821533,0.48480225,-0.78125,2.375,0.5625,393
394,1695772650275,0.8840332,-0.07720947,0.48773193,2.703125,2.046875,1.453125,394
395,1695772650315,0.87890625,-0.07623291,0.47503662,-0.546875,-1.4375,1.140625,395
396,1695772650355,0.87402344,-0.08453369,0.46551514,-1.109375,-1.0625,-0.578125,396
397,1695772650395,0.8598633,-0.11480713,0.4857788,0.171875,1.359375,-0.828125,397
398,1695772650435,0.8803711,-0.11212158,0.48919678,0.59375,0.28125,0.265625,398
399,1695772650475,0.8833008,-0.09869385,0.4874878,-1.390625,-1.203125,0.234375,399
400,1695772650515,0.8823242,-0.09429932,0.47479248,-0.859375,0.515625,-0.5625,400
401,1695772650555,0.8718262,-0.097717285,0.48846436,0.234375,1.796875,0.21875,401
402,1695772650595,0.8757324,-0.08502197,0.4779663,-1.171875,-0.34375,-0.765625,402
403,1695772650635,0.8640137,-0.09942627,0.4784546,-1.015625,-0.34375,-0.171875,403
404,1695772650675,0.88061523,-0.08795166,0.49212646,0.75,1.046875,-1.0625,404
405,1695772650715,0.88256836,-0.10455322,0.48944092,-0.328125,0.09375,-1.390625,405
406,1695772650755,0.88061523,-0.10333252,0.46600342,-1.515625,-0.9375,0.28125,406
407,1695772650795,0.88916016,-0.10821533,0.48431396,-3.734375,-1.46875,0.890625,407
408,1695772650835,0.857666,-0.08453369,0.50701904,-3.859375,-0.53125,0.9375,408
409,1695772650875,0.907959,-0.10455322,0.5018921,-1.296875,3.640625,-1.859375,409
410,1695772650915,0.85791016,-0.07965088,0.45404053,-4.25,-1.34375,0.40625,410
411,1695772650955,0.8532715,-0.0635376,0.4713745,2.25,0.03125,0.0,411
412,1695772650995,0.8774414,-0.101623535,0.49505615,3.515625,1.359375,-2.125,412
413,1695772651035,0.88623047,-0.12652588,0.49920654,-0.859375,-1.453125,-2.25,413
414,1695772651075,0.88183594,-0.11016846,0.45721436,-4.234375,-1.390625,0.359375,414
415,1695772651115,0.8833008,-0.05987549,0.47601318,0.84375,3.125,0.875,415
416,1695772651155,0.8720703,-0.07989502,0.49798584,1.015625,-0.671875,0.625,416
417,1695772651195,0.87109375,-0.089660645,0.49456787,-0.84375,-0.8125,-0.484375,417
418,1695772651235,0.8679199,-0.101867676,0.4821167,-1.296875,1.15625,-0.8125,418
419,1695772651275,0.87231445,-0.10284424,0.46600342,-1.453125,0.234375,-0.984375,419
420,1695772651315,0.87841797,-0.10089111,0.49993896,2.703125,1.9375,1.109375,420
421,1695772651355,0.8874512,-0.113098145,0.48016357,0.0625,-0.359375,0.15625,421
422,1695772651395,0.87597656,-0.097961426,0.46551514,-2.78125,0.015625,-0.703125,422
423,1695772651435,0.87280273,-0.07208252,0.47479248,0.484375,1.8125,0.234375,423
424,1695772651475,0.8847656,-0.0881958,0.48968506,0.5625,1.015625,-0.25,424
425,1695772651515,0.88061523,-0.097961426,0.4874878,0.0625,-0.5625,-1.265625,425
426,1695772651555,0.87353516,-0.128479,0.46258545,-2.953125,-1.515625,-1.109375,426
427,1695772651595,0.87280273,-0.08648682,0.4833374,-0.90625,1.78125,1.03125,427
428,1695772651635,0.88305664,-0.101867676,0.4928589,2.6875,1.625,0.4375,428
429,1695772651675,0.8815918,-0.09527588,0.47479248,-1.6875,-1.53125,-0.09375,429
430,1695772651715,0.8803711,-0.085754395,0.4640503,-1.078125,0.515625,-0.09375,430
431,1695772651755,0.8798828,-0.097473145,0.4953003,1.359375,1.546875,-0.328125,431
432,1695772651795,0.8869629,-0.11773682,0.4718628,-0.484375,-0.59375,-1.0625,432
433,1695772651835,0.8745117,-0.0869751,0.46551514,-2.09375,-0.453125,0.71875,433
434,1695772651875,0.87646484,-0.09112549,0.48114014,-0.09375,0.40625,-0.546875,434
435,1695772651915,0.873291,-0.105529785,0.49041748,-0.28125,-0.421875,-0.5,435
436,1695772651955,0.87231445,-0.10601807,0.48895264,-0.171875,0.984375,-0.390625,436
437,1695772651995,0.8774414,-0.08428955,0.46063232,-2.15625,0.71875,-0.4375,437
438,1695772652035,0.875,-0.09674072,0.49090576,0.96875,0.828125,-0.984375,438
439,1695772652075,0.8808594,-0.09820557,0.4874878,-0.015625,-0.484375,-0.953125,439
440,1695772652115,0.8754883,-0.10845947,0.4713745,-3.53125,-1.390625,-1.859375,440
441,1695772652155,0.87841797,-0.0947876,0.47650146,-0.421875,0.90625,-0.234375,441
442,1695772652195,0.8935547,-0.09429932,0.48236084,0.796875,0.015625,-0.296875,442
443,1695772652235,0.88378906,-0.1104126,0.48260498,-1.0,-1.34375,-0.71875,443
444,1695772652275,0.8652344,-0.10870361,0.48016357,-1.15625,-0.390625,0.203125,444
445,1695772652315,0.8742676,-0.10626221,0.48358154,0.125,-0.03125,-0.171875,445
446,1695772652355,0.8742676,-0.10699463,0.49261475,-1.125,-1.359375,-1.125,446
447,1695772652395,0.86816406,-0.089660645,0.4882202,-1.125,-0.4375,-0.703125,447
448,1695772652435,0.8720703,-0.0960083,0.48529053,-0.296875,-0.25,-0.71875,448
449,1695772652475,0.8713379,-0.09918213,0.4935913,-0.3125,0.296875,0.0,449
450,1695772652515,0.87231445,-0.10723877,0.47869873,0.875,1.546875,0.3125,450
451,1695772652555,0.875,-0.1038208,0.4796753,-0.546875,0.578125,-0.078125,451
452,1695772652595,0.8701172,-0.10406494,0.46600342,-0.921875,1.015625,-1.25,452
453,1695772652635,0.8779297,-0.09503174,0.53460693,8.28125,6.828125,1.5,453
454,1695772652675,0.9304199,-0.1482544,0.53778076,2.453125,5.3125,0.90625,454
455,1695772652715,0.87890625,-0.121398926,0.42767334,-12.578125,1.171875,3.15625,455
456,1695772652755,0.86694336,-0.054260254,0.42889404,-2.453125,7.375,0.46875,456
457,1695772652795,0.8730469,-0.06427002,0.42816162,0.265625,1.5625,-1.109375,457
458,1695772652835,0.8703613,-0.078430176,0.45257568,-0.71875,-2.875,-3.234375,458
459,1695772652875,0.8774414,-0.12677002,0.45648193,-0.703125,-0.4375,-1.59375,459
460,1695772652915,0.8769531,-0.11871338,0.43133545,-4.390625,-4.609375,-1.921875,460
461,1695772652955,0.9223633,-0.12384033,0.47479248,2.1875,1.015625,-2.78125,461
462,1695772652995,0.90185547,-0.1182251,0.46795654,1.984375,1.46875,3.4375,462
463,1695772653035,0.8840332,-0.07550049,0.46453857,-1.28125,0.25,1.15625,463
464,1695772653075,0.8562012,-0.07086182,0.463562,0.890625,2.4375,1.78125,464
465,1695772653115,0.87475586,-0.094055176,0.45111084,0.875,0.09375,-1.265625,465
466,1695772653155,0.88623047,-0.10992432,0.47210693,0.9375,-0.03125,-1.0,466
467,1695772653195,0.89746094,-0.121398926,0.4569702,-1.375,0.25,-0.28125,467
468,1695772653235,0.8864746,-0.109436035,0.45526123,-1.265625,0.84375,0.375,468
469,1695772653275,0.8979492,-0.0947876,0.4611206,-0.296875,-0.109375,-0.296875,469
470,1695772653315,0.8898926,-0.09869385,0.45965576,-0.96875,-0.4375,1.03125,470
471,1695772653355,0.88720703,-0.097473145,0.4779663,-0.34375,-0.46875,-1.0,471
472,1695772653395,0.87475586,-0.10650635,0.46746826,-2.796875,-1.125,-2.953125,472
473,1695772653435,0.892334,-0.09942627,0.44500732,-4.09375,0.15625,-2.390625,473
474,1695772653475,0.88916016,-0.08721924,0.45135498,1.015625,0.21875,0.875,474
475,1695772653515,0.88134766,-0.10357666,0.47943115,0.828125,-1.671875,0.34375,475
476,1695772653555,0.86987305,-0.10699463,0.4647827,-1.5,-0.53125,-0.046875,476
477,1695772653595,0.8840332,-0.10772705,0.47161865,-0.859375,-1.234375,-1.0,477
478,1695772653635,0.88378906,-0.08843994,0.47235107,-0.71875,-0.640625,0.265625,478
479,1695772653675,0.8828125,-0.09991455,0.47479248,0.03125,-0.984375,0.234375,479
480,1695772653715,0.8701172,-0.1116333,0.4694214,-1.4375,-0.578125,1.3125,480
481,1695772653755,0.87939453,-0.097473145,0.47772217,-0.515625,2.0,0.796875,481
482,1695772653795,0.87524414,-0.093566895,0.47454834,2.203125,1.515625,0.78125,482
483,1695772653835,0.87939453,-0.10992432,0.4725952,-0.15625,0.625,0.265625,483
484,1695772653875,0.87109375,-0.09869385,0.46380615,-0.578125,1.390625,0.546875,484
485,1695772653915,0.8845215,-0.089416504,0.46331787,-1.453125,0.578125,-0.515625,485
486,1695772653955,0.8911133,-0.08673096,0.4718628,0.578125,1.765625,-1.25,486
487,1695772653995,0.89453125,-0.097961426,0.47088623,0.765625,1.078125,0.640625,487
488,1695772654035,0.88500977,-0.10845947,0.46185303,-1.734375,0.046875,0.0625,488
489,1695772654075,0.8881836,-0.11553955,0.4574585,-6.46875,-2.6875,-1.3125,489
490,1695772654115,0.9133301,-0.10040283,0.51068115,-3.640625,4.0625,0.28125,490
491,1695772654155,0.9189453,-0.11846924,0.4911499,-5.84375,4.953125,-1.015625,491
492,1695772654195,0.8652344,-0.05279541,0.41351318,-6.078125,1.0625,1.6875,492
493,1695772654235,0.87109375,-0.035949707,0.42034912,1.734375,1.8125,-1.171875,493
494,1695772654275,0.87060547,-0.09259033,0.45843506,5.453125,-0.0625,-3.625,494
495,1695772654315,0.8642578,-0.12261963,0.45355225,-0.859375,-1.609375,-0.40625,495
496,1695772654355,0.89282227,-0.09552002,0.45965576,-0.703125,0.3125,-1.03125,496
497,1695772654395,0.90966797,-0.12652588,0.44818115,-1.5625,-1.96875,-1.90625,497
498,1695772654435,0.90600586,-0.09112549,0.4664917,1.375,1.875,2.203125,498
499,1695772654475,0.8972168,-0.06719971,0.4628296,1.71875,1.421875,2.421875,499
500,1695772654515,0.8652344,-0.06866455,0.46014404,0.359375,-1.140625,-0.75,500
501,1695772654555,0.8845215,-0.09674072,0.45526123,0.546875,-0.53125,-1.75,501
502,1695772654595,0.88305664,-0.12994385,0.45526123,-1.578125,-0.109375,-0.3125,502
503,1695772654635,0.8847656,-0.10650635,0.44573975,-2.390625,0.515625,-0.4375,503
504,1695772654675,0.89575195,-0.0881958,0.46844482,0.765625,0.453125,-0.140625,504
505,1695772654715,0.89746094,-0.09893799,0.4533081,-0.703125,0.234375,0.140625,505
506,1695772654755,0.8781738,-0.097961426,0.4537964,-1.671875,0.4375,0.421875,506
507,1695772654795,0.8859863,-0.07696533,0.45550537,0.15625,0.765625,-0.953125,507
508,1695772654835,0.8815918,-0.10211182,0.45843506,-0.21875,-0.6875,-0.578125,508
509,1695772654875,0.9008789,-0.10235596,0.45892334,-0.859375,-0.828125,-0.671875,509
510,1695772654915,0.88427734,-0.10235596,0.4598999,-1.359375,0.015625,-1.625,510
511,1695772654955,0.87280273,-0.101379395,0.4569702,-1.171875,0.21875,0.21875,511
512,1695772654995,0.8894043,-0.074523926,0.45672607,1.3125,0.296875,0.875,512
513,1695772655035,0.89208984,-0.09552002,0.46209717,0.84375,0.453125,-0.0625,513
514,1695772655075,0.9074707,-0.11236572,0.4545288,-2.4375,-0.828125,-0.28125,514
515,1695772655115,0.8898926,-0.12896729,0.47357178,-7.109375,-5.234375,-0.453125,515
516,1695772655155,0.92211914,-0.097473145,0.53582764,-2.53125,6.703125,4.375,516
517,1695772655195,0.89624023,-0.09576416,0.45184326,-7.734375,4.203125,-1.90625,517
518,1695772655235,0.85961914,-0.032287598,0.38739014,-1.734375,-0.15625,-0.90625,518
519,1695772655275,0.82592773,-0.054016113,0.4328003,8.921875,4.375,1.0,519
520,1695772655315,0.8911133,-0.07623291,0.45721436,7.375,0.46875,-2.65625,520
521,1695772655355,0.8918457,-0.17462158,0.4677124,-3.875,-5.390625,-4.484375,521
522,1695772655395,0.904541,-0.12530518,0.45526123,-1.0,2.765625,0.234375,522
523,1695772655435,0.9128418,-0.10797119,0.447937,-1.4375,2.359375,1.453125,523
524,1695772655475,0.8859863,-0.05328369,0.44744873,-0.015625,-0.390625,2.015625,524
525,1695772655515,0.88183594,-0.04888916,0.4550171,1.703125,-1.0625,1.046875,525
526,1695772655555,0.87719727,-0.11846924,0.4442749,-2.5,-2.890625,-3.140625,526
527,1695772655595,0.8730469,-0.12506104,0.45355225,-2.65625,-1.578125,-2.359375,527
528,1695772655635,0.88842773,-0.120910645,0.45648193,-2.125,-0.171875,-1.265625,528
529,1695772655675,0.90844727,-0.09991455,0.4574585,0.890625,0.96875,0.5625,529
530,1695772655715,0.89868164,-0.09161377,0.45281982,0.3125,0.515625,1.03125,530
531,1695772655755,0.8754883,-0.08648682,0.47625732,0.40625,-0.265625,0.96875,531
532,1695772655795,0.86865234,-0.10284424,0.4533081,-1.140625,-0.609375,0.078125,532
533,1695772655835,0.8798828,-0.08843994,0.47503662,-1.125,-0.28125,-1.46875,533
534,1695772655875,0.8911133,-0.120666504,0.45233154,-4.21875,-2.203125,-0.875,534
535,1695772655915,0.8991699,-0.11968994,0.44378662,-10.359375,-5.796875,0.6875,535
536,1695772655955,0.91503906,-0.081848145,0.5348511,-2.640625,6.296875,2.359375,536
537,1695772655995,0.8898926,-0.08868408,0.4767456,-3.40625,6.1875,-0.015625,537
538,1695772656035,0.8413086,-0.034729004,0.38519287,-0.734375,-1.640625,1.578125,538
539,1695772656075,0.8391113,-0.047424316,0.44476318,4.75,4.65625,0.5,539
540,1695772656115,0.8588867,-0.09503174,0.47113037,5.59375,-0.6875,-2.953125,540
541,1695772656155,0.90527344,-0.15289307,0.46575928,-3.203125,-7.9375,-6.734375,541
542,1695772656195,0.9094238,-0.1350708,0.4689331,-2.375,1.578125,-1.828125,542
543,1695772656235,0.9074707,-0.1194458,0.45892334,-2.78125,0.015625,4.03125,543
544,1695772656275,0.9108887,-0.059387207,0.47235107,-8.984375,-2.453125,2.828125,544
545,1695772656315,0.9121094,-0.02935791,0.50701904,2.34375,10.25,2.0625,545
546,1695772656355,0.8510742,-0.08013916,0.43426514,-2.03125,-1.140625,-1.6875,546
547,1695772656395,0.80566406,-0.04547119,0.4196167,3.140625,-0.6875,-1.34375,547
548,1695772656435,0.8730469,-0.10015869,0.47650146,9.609375,3.03125,-3.765625,548
549,1695772656475,0.9211426,-0.18682861,0.4725952,-4.890625,-6.53125,-4.4375,549
550,1695772656515,0.88842773,-0.11090088,0.45233154,-3.8125,0.3125,2.109375,550
551,1695772656555,0.9133301,-0.10772705,0.45892334,1.1875,4.625,1.4375,551
552,1695772656595,0.90625,-0.03765869,0.45281982,-0.640625,-1.078125,0.8125,552
553,1695772656635,0.88061523,-0.066223145,0.4640503,-0.640625,0.46875,1.484375,553
554,1695772656675,0.8754883,-0.07965088,0.44573975,-0.234375,0.09375,0.046875,554
555,1695772656715,0.86035156,-0.12628174,0.46209717,-0.46875,-1.28125,-2.5,555
556,1695772656755,0.8857422,-0.120666504,0.4857788,2.265625,1.21875,0.40625,556
557,1695772656795,0.9082031,-0.10821533,0.4713745,-0.203125,-1.046875,-0.359375,557
558,1695772656835,0.9121094,-0.08282471,0.46258545,-1.4375,0.578125,0.03125,558
559,1695772656875,0.88305664,-0.089904785,0.44525146,-1.171875,0.96875,1.3125,559
560,1695772656915,0.8823242,-0.06915283,0.4677124,0.125,-0.328125,-0.015625,560
561,1695772656955,0.890625,-0.09429932,0.4623413,-1.1875,0.0625,-1.75,561
562,1695772656995,0.87109375,-0.093566895,0.45599365,-0.78125,0.1875,0.015625,562
563,1695772657035,0.8857422,-0.10870361,0.46136475,0.265625,0.796875,-1.375,563
564,1695772657075,0.8918457,-0.10626221,0.45526123,-1.90625,-0.046875,-1.203125,564
565,1695772657115,0.8984375,-0.09503174,0.48162842,1.453125,0.578125,0.265625,565
566,1695772657155,0.8967285,-0.101867676,0.4520874,-3.640625,-0.96875,-1.0625,566
567,1695772657195,0.8823242,-0.07354736,0.44329834,-1.921875,0.21875,-1.359375,567
568,1695772657235,0.8754883,-0.09283447,0.46966553,0.71875,-1.125,0.28125,568
569,1695772657275,0.8942871,-0.1038208,0.4718628,-1.53125,-1.46875,0.203125,569
570,1695772657315,0.88061523,-0.10992432,0.47332764,-0.453125,1.109375,-0.171875,570
571,1695772657355,0.8652344,-0.10235596,0.4689331,-2.140625,0.75,0.25,571
572,1695772657395,0.8894043,-0.0947876,0.4779663,0.71875,-0.421875,-0.53125,572
573,1695772657435,0.88916016,-0.09844971,0.45794678,-0.828125,-0.796875,-1.484375,573
574,1695772657475,0.8754883,-0.1026001,0.46600342,-0.015625,0.953125,-0.15625,574
575,1695772657515,0.892334,-0.08404541,0.47650146,0.0625,-0.359375,-0.109375,575
576,1695772657555,0.8901367,-0.1038208,0.447937,-2.453125,-0.390625,-1.6875,576
577,1695772657595,0.8691406,-0.101867676,0.47454834,0.359375,1.328125,0.25,577
578,1695772657635,0.89575195,-0.105529785,0.4694214,-1.71875,-1.5625,-1.296875,578
579,1695772657675,0.8796387,-0.11065674,0.4689331,-1.796875,-0.96875,-0.125,579
580,1695772657715,0.87646484,-0.0960083,0.46380615,0.703125,0.515625,0.96875,580
581,1695772657755,0.8864746,-0.09649658,0.47772217,-0.359375,-0.6875,-0.609375,581
582,1695772657795,0.892334,-0.10601807,0.46185303,-1.53125,-0.59375,-0.328125,582
583,1695772657835,0.8833008,-0.09869385,0.47943115,-0.28125,0.203125,0.296875,583
584,1695772657875,0.8688965,-0.09820557,0.4718628,0.078125,-0.9375,0.734375,584
585,1695772657915,0.88427734,-0.09625244,0.480896,-0.8125,0.078125,-0.78125,585
586,1695772657955,0.88183594,-0.09454346,0.46575928,-0.546875,0.84375,-1.265625,586
587,1695772657995,0.8679199,-0.10235596,0.45721436,-0.609375,0.4375,0.0,587
588,1695772658035,0.88012695,-0.09698486,0.47503662,0.609375,0.4375,0.015625,588
589,1695772658075,0.88671875,-0.108947754,0.48236084,1.1875,-0.140625,-0.546875,589
590,1695772658115,0.88012695,-0.112854004,0.4767456,-1.078125,-0.09375,-0.25,590
591,1695772658155,0.87353516,-0.09283447,0.4706421,-1.28125,0.296875,-0.3125,591
592,1695772658195,0.88427734,-0.097961426,0.44769287,-2.234375,-0.453125,-0.59375,592
593,1695772658235,0.873291,-0.07672119,0.47943115,0.328125,-0.1875,-0.46875,593
594,1695772658275,0.8803711,-0.121398926,0.47894287,-0.296875,-2.21875,-2.109375,594
595,1695772658315,0.890625,-0.121154785,0.47650146,-3.40625,-1.90625,-0.9375,595
596,1695772658355,0.8847656,-0.11480713,0.5038452,-1.875,-1.90625,1.328125,596
597,1695772658395,0.90600586,-0.1182251,0.5133667,-1.5625,1.125,1.640625,597
598,1695772658435,0.8881836,-0.085754395,0.4833374,-5.265625,3.875,1.5625,598
599,1695772658475,0.88793945,-0.05718994,0.45843506,-2.640625,2.515625,-0.59375,599
600,1695772658515,0.8598633,-0.07965088,0.4725952,-0.609375,2.375,0.90625,600
601,1695772658555,0.8757324,-0.077697754,0.45477295,-2.0625,-1.375,-0.34375,601
602,1695772658595,0.87402344,-0.12310791,0.48919678,-1.875,0.5,-1.453125,602
603,1695772658635,0.8498535,-0.093566895,0.4628296,-0.671875,2.46875,1.4375,603
604,1695772658675,0.9025879,-0.07476807,0.46307373,0.46875,1.65625,-0.84375,604
605,1695772658715,0.87646484,-0.07110596,0.45941162,0.6875,-0.421875,-0.640625,605
606,1695772658755,0.8803711,-0.08111572,0.463562,1.90625,0.140625,-0.703125,606
607,1695772658795,0.8823242,-0.10064697,0.4718628,1.375,-0.46875,-2.296875,607
608,1695772658835,0.87475586,-0.11651611,0.47454834,-2.109375,-2.6875,-0.578125,608
609,1695772658875,0.8972168,-0.09259033,0.45550537,-2.390625,1.421875,0.15625,609
610,1695772658915,0.8898926,-0.06793213,0.47406006,1.203125,3.046875,-0.40625,610
611,1695772658955,0.88916016,-0.09674072,0.46185303,0.8125,-1.28125,-0.828125,611
612,1695772658995,0.88500977,-0.105773926,0.46673584,-0.453125,-1.359375,0.4375,612
613,1695772659035,0.87646484,-0.109436035,0.47528076,0.046875,0.609375,0.0,613
614,1695772659075,0.8786621,-0.089904785,0.48114014,-0.53125,0.0,-0.421875,614
615,1695772659115,0.89331055,-0.086242676,0.47332764,-0.390625,-0.09375,-0.984375,615
616,1695772659155,0.8886719,-0.0960083,0.44940186,-2.640625,-1.296875,-0.671875,616
617,1695772659195,0.86450195,-0.08355713,0.4730835,1.875,0.265625,1.71875,617
618,1695772659235,0.890625,-0.11114502,0.4833374,-0.046875,-1.125,-0.75,618
619,1695772659275,0.87060547,-0.10308838,0.47991943,-2.765625,0.015625,-0.671875,619
620,1695772659315,0.876709,-0.08843994,0.47601318,0.21875,1.328125,0.203125,620
621,1695772659355,0.8869629,-0.09625244,0.4550171,-1.765625,-0.671875,-0.09375,621
622,1695772659395,0.87353516,-0.09136963,0.49017334,-0.015625,0.28125,-0.484375,622
623,1695772659435,0.88549805,-0.11236572,0.48382568,0.203125,-0.8125,-0.59375,623
624,1695772659475,0.875,-0.101135254,0.4755249,-1.5,0.6875,0.15625,624
625,1695772659515,0.8925781,-0.069885254,0.48236084,0.109375,1.15625,-0.5625,625
626,1695772659555,0.8828125,-0.10406494,0.47406006,-1.46875,0.109375,-0.484375,626
627,1695772659595,0.8779297,-0.08917236,0.47381592,-2.015625,-0.90625,-0.953125,627
628,1695772659635,0.88793945,-0.10675049,0.46502686,-1.640625,-0.890625,-1.578125,628
629,1695772659675,0.8737793,-0.097717285,0.47357178,-1.453125,0.1875,1.046875,629
630,1695772659715,0.8815918,-0.08111572,0.48358154,0.578125,0.28125,0.078125,630
631,1695772659755,0.86621094,-0.10089111,0.47601318,-1.265625,-1.890625,-0.734375,631
632,1695772659795,0.87060547,-0.10406494,0.49139404,0.34375,0.875,-0.28125,632
633,1695772659835,0.8754883,-0.089904785,0.4821167,-1.90625,-0.359375,-0.328125,633
634,1695772659875,0.8691406,-0.09234619,0.4743042,-0.90625,0.03125,0.359375,634
635,1695772659915,0.8796387,-0.085998535,0.47650146,0.375,0.65625,-0.859375,635
636,1695772659955,0.88061523,-0.10772705,0.48773193,-1.5,-0.0625,-0.625,636
637,1695772659995,0.87402344,-0.09649658,0.4960327,-0.09375,0.8125,-0.046875,637
638,1695772660035,0.87353516,-0.097961426,0.46917725,-1.6875,0.5,-0.609375,638
639,1695772660075,0.87280273,-0.094055176,0.48162842,-0.03125,-0.171875,0.140625,639
640,1695772660115,0.89404297,-0.09649658,0.47747803,0.375,0.65625,-1.140625,640
641,1695772660155,0.8798828,-0.097717285,0.47479248,-2.203125,-0.4375,-1.5,641
642,1695772660195,0.8815918,-0.09210205,0.47869873,-1.015625,0.078125,-0.015625,642
643,1695772660235,0.890625,-0.093566895,0.47210693,-0.015625,0.578125,-0.484375,643
644,1695772660275,0.8664551,-0.10064697,0.48162842,0.765625,-0.5625,0.390625,644
645,1695772660315,0.88305664,-0.10284424,0.47650146,-1.484375,-0.28125,-0.1875,645
646,1695772660355,0.8757324,-0.105041504,0.4850464,-1.359375,0.40625,-0.375,646
647,1695772660395,0.8791504,-0.09039307,0.48260498,0.890625,-0.125,-0.015625,647
648,1695772660435,0.8798828,-0.09967041,0.48138428,-0.828125,-0.59375,0.015625,648
649,1695772660475,0.8691406,-0.09161377,0.47943115,-0.046875,1.03125,0.75,649
650,1695772660515,0.88256836,-0.09503174,0.48065186,-0.484375,-0.78125,-1.046875,650
651,1695772660555,0.88305664,-0.09820557,0.48382568,0.765625,0.0,-1.078125,651
652,1695772660595,0.87646484,-0.11846924,0.47772217,-1.796875,-0.953125,0.4375,652
653,1695772660635,0.8642578,-0.10235596,0.48919678,-1.046875,0.4375,0.390625,653
654,1695772660675,0.8647461,-0.089660645,0.4874878,-0.515625,1.78125,0.171875,654
655,1695772660715,0.8840332,-0.093322754,0.47625732,-1.828125,1.28125,-1.40625,655
656,1695772660755,0.8774414,-0.089660645,0.4767456,-1.203125,0.078125,-1.078125,656
657,1695772660795,0.8737793,-0.10626221,0.48162842,0.578125,0.421875,0.828125,657
658,1695772660835,0.8828125,-0.10357666,0.4755249,-1.59375,-0.109375,-1.546875,658
659,1695772660875,0.88012695,-0.09649658,0.48309326,-1.109375,0.65625,-1.703125,659
660,1695772660915,0.8720703,-0.08062744,0.47210693,-0.5,0.6875,-0.59375,660
661,1695772660955,0.8781738,-0.11212158,0.48162842,-1.703125,-0.6875,-0.828125,661
662,1695772660995,0.88549805,-0.10235596,0.4730835,-1.96875,-0.53125,-1.859375,662
663,1695772661035,0.88305664,-0.109191895,0.48553467,-1.171875,0.546875,-0.09375,663
664,1695772661075,0.88061523,-0.09527588,0.48236084,0.71875,-0.109375,0.6875,664
665,1695772661115,0.87231445,-0.09649658,0.48187256,-0.078125,-0.03125,0.28125,665
666,1695772661155,0.8796387,-0.09820557,0.48480225,0.59375,0.859375,0.09375,666
667,1695772661195,0.88793945,-0.105529785,0.47894287,-1.375,-0.9375,-0.9375,667
668,1695772661235,0.8737793,-0.10675049,0.46990967,-1.046875,-0.078125,0.015625,668
669,1695772661275,0.8730469,-0.093811035,0.47576904,0.546875,1.09375,0.265625,669
670,1695772661315,0.8796387,-0.11456299,0.47894287,0.125,-1.140625,-0.640625,670
671,1695772661355,0.8803711,-0.10333252,0.47821045,-0.234375,-0.546875,0.234375,671
672,1695772661395,0.87719727,-0.10357666,0.47894287,1.890625,2.40625,0.125,672
673,1695772661435,0.875,-0.116760254,0.48016357,1.78125,1.921875,-0.484375,673
674,1695772661475,0.8742676,-0.093322754,0.46600342,-1.78125,0.171875,0.65625,674
675,1695772661515,0.8852539,-0.10797119,0.47161865,0.328125,-0.84375,1.015625,675
676,1695772661555,0.87597656,-0.11602783,0.49334717,-0.328125,-0.109375,1.46875,676
677,1695772661595,0.9301758,-0.11431885,0.52801514,2.265625,4.3125,-1.921875,677
678,1695772661635,0.86938477,-0.11627197,0.4647827,-7.671875,0.203125,1.421875,678
679,1695772661675,0.8684082,-0.050354004,0.4467163,-2.796875,2.578125,0.875,679
680,1695772661715,0.88378906,-0.074035645,0.47161865,1.234375,1.8125,-0.3125,680
681,1695772661755,0.8779297,-0.112854004,0.4725952,-4.265625,-1.890625,-2.296875,681
682,1695772661795,0.8786621,-0.09503174,0.47406006,-1.6875,1.25,-0.328125,682
683,1695772661835,0.86938477,-0.11138916,0.45233154,-0.03125,-0.296875,-1.296875,683
684,1695772661875,0.8781738,-0.07598877,0.4767456,2.375,1.359375,0.0625,684
685,1695772661915,0.88964844,-0.101135254,0.4628296,0.203125,-1.609375,-0.515625,685
686,1695772661955,0.8847656,-0.101379395,0.4701538,-2.03125,-2.6875,0.0625,686
687,1695772661995,0.89331055,-0.10650635,0.4862671,-1.375,0.3125,0.09375,687
688,1695772662035,0.87597656,-0.09942627,0.46722412,-2.21875,-0.0625,-0.21875,688
689,1695772662075,0.8796387,-0.07598877,0.47528076,0.78125,1.125,0.234375,689
690,1695772662115,0.8757324,-0.09918213,0.46966553,1.8125,-0.484375,-0.5,690
691,1695772662155,0.8779297,-0.108947754,0.48895264,-0.375,0.125,0.46875,691
692,1695772662195,0.87768555,-0.10626221,0.47357178,-0.5625,1.40625,-0.546875,692
693,1695772662235,0.8762207,-0.101379395,0.45965576,-2.40625,0.03125,-0.28125,693
694,1695772662275,0.88964844,-0.08477783,0.49310303,2.21875,0.875,0.6875,694
695,1695772662315,0.8820801,-0.09698486,0.47747803,-0.78125,-0.671875,-1.34375,695
696,1695772662355,0.8630371,-0.10235596,0.4725952,-2.5625,-0.046875,-0.5625,696
697,1695772662395,0.88378906,-0.10064697,0.47601318,0.328125,-0.015625,-0.1875,697
698,1695772662435,0.88134766,-0.09283447,0.47113037,-0.796875,-0.046875,-0.5,698
699,1695772662475,0.8781738,-0.09454346,0.4772339,0.265625,0.265625,-0.171875,699
700,1695772662515,0.8864746,-0.11065674,0.48162842,-2.28125,-1.328125,-0.3125,700
701,1695772662555,0.8798828,-0.09503174,0.4857788,-1.03125,0.390625,-0.546875,701
702,1695772662595,0.8828125,-0.09503174,0.47747803,0.46875,0.6875,-0.28125,702
703,1695772662635,0.8781738,-0.085998535,0.48114014,0.234375,-0.421875,-0.03125,703
704,1695772662675,0.88183594,-0.09820557,0.46844482,-0.640625,0.203125,-0.4375,704
705,1695772662715,0.87646484,-0.1026001,0.47991943,-0.578125,-0.03125,-0.015625,705
706,1695772662755,0.8847656,-0.1104126,0.47894287,-0.5,-0.75,-0.15625,706
707,1695772662795,0.88256836,-0.097961426,0.48162842,-1.03125,0.140625,-0.3125,707
708,1695772662835,0.8757324,-0.08868408,0.47869873,-1.203125,0.640625,-0.03125,708
709,1695772662875,0.8779297,-0.10479736,0.48284912,-1.25,0.109375,-1.0625,709
710,1695772662915,0.87939453,-0.09649658,0.47210693,-1.921875,0.109375,-0.703125,710
711,1695772662955,0.8742676,-0.09844971,0.48309326,0.546875,-0.28125,0.375,711
712,1695772662995,0.8754883,-0.09698486,0.48919678,0.4375,0.140625,-0.65625,712
713,1695772663035,0.876709,-0.109191895,0.47650146,-1.1875,0.65625,-1.109375,713
714,1695772663075,0.88134766,-0.10064697,0.46551514,-0.96875,-0.09375,0.234375,714
715,1695772663115,0.8857422,-0.09161377,0.48284912,1.234375,1.125,0.453125,715
716,1695772663155,0.87890625,-0.10675049,0.47283936,0.15625,-0.0625,-0.8125,716
717,1695772663195,0.8696289,-0.10992432,0.46697998,-1.875,-0.640625,0.46875,717
718,1695772663235,0.8835449,-0.08673096,0.4850464,2.65625,1.96875,0.375,718
719,1695772663275,0.87719727,-0.116760254,0.4796753,2.125,0.296875,-0.515625,719
720,1695772663315,0.8828125,-0.10235596,0.48358154,0.4375,0.328125,0.46875,720
721,1695772663355,0.8898926,-0.11260986,0.47698975,-0.359375,-0.671875,0.21875,721
722,1695772663395,0.87524414,-0.101623535,0.49212646,-0.578125,0.6875,0.46875,722
723,1695772663435,0.8894043,-0.10064697,0.48724365,-1.328125,-0.34375,-0.484375,723
724,1695772663475,0.8972168,-0.10797119,0.49383545,-3.984375,-1.984375,-0.421875,724
725,1695772663515,0.89086914,-0.11993408,0.48602295,-4.203125,2.46875,0.46875,725
726,1695772663555,0.8779297,-0.09307861,0.4713745,-5.046875,4.1875,0.546875,726
727,1695772663595,0.87841797,-0.06549072,0.47161865,-2.859375,2.734375,-0.75,727
728,1695772663635,0.86621094,-0.09259033,0.45648193,-1.5625,-1.34375,0.125,728
729,1695772663675,0.87353516,-0.101867676,0.47698975,-1.609375,0.828125,0.125,729
730,1695772663715,0.88305664,-0.085754395,0.46575928,-2.859375,0.6875,-1.5625,730
731,1695772663755,0.87280273,-0.09991455,0.45794678,-2.734375,-0.390625,-1.140625,731
732,1695772663795,0.8688965,-0.066711426,0.4533081,0.34375,0.328125,0.484375,732
733,1695772663835,0.8996582,-0.08721924,0.4664917,1.03125,-0.3125,-1.25,733
734,1695772663875,0.87158203,-0.09625244,0.47503662,-1.03125,-0.8125,-0.15625,734
735,1695772663915,0.8808594,-0.10284424,0.48284912,1.296875,-0.921875,-0.609375,735
736,1695772663955,0.87890625,-0.09918213,0.47869873,0.921875,0.3125,-0.3125,736
737,1695772663995,0.8984375,-0.09844971,0.48260498,-0.90625,0.015625,-0.28125,737
738,1695772664035,0.8688965,-0.085998535,0.4706421,-2.359375,-1.234375,0.859375,738
739,1695772664075,0.8874512,-0.08111572,0.47650146,0.03125,1.03125,-0.34375,739
740,1695772664115,0.873291,-0.093322754,0.47357178,-0.84375,-1.140625,-0.421875,740
741,1695772664155,0.86987305,-0.093566895,0.49261475,-0.09375,0.578125,-0.59375,741
742,1695772664195,0.8703613,-0.108947754,0.4862671,-0.171875,1.046875,-0.46875,742
743,1695772664235,0.8769531,-0.0960083,0.46844482,-0.84375,0.140625,0.234375,743
744,1695772664275,0.8847656,-0.086242676,0.48284912,1.546875,0.265625,0.296875,744
745,1695772664315,0.8847656,-0.10748291,0.48309326,-2.171875,-0.65625,-1.046875,745
746,1695772664355,0.8791504,-0.093566895,0.47772217,-4.375,-0.96875,0.3125,746
747,1695772664395,0.8913574,-0.0791626,0.4664917,-3.484375,0.734375,-1.109375,747
748,1695772664435,0.90966797,-0.11212158,0.5079956,1.265625,3.375,-1.25,748
749,1695772664475,0.8532715,-0.09063721,0.46722412,-1.234375,0.0625,1.578125,749
750,1695772664515,0.8808594,-0.09869385,0.47235107,-1.625,1.296875,-0.71875,750
751,1695772664555,0.85595703,-0.06524658,0.47576904,0.015625,1.890625,-0.234375,751
752,1695772664595,0.86083984,-0.094055176,0.4664917,-0.90625,-0.484375,-0.828125,752
753,1695772664635,0.8930664,-0.08111572,0.46429443,-0.046875,-0.34375,-1.0,753
754,1695772664675,0.8762207,-0.105529785,0.48675537,0.09375,-1.171875,-0.65625,754
755,1695772664715,0.88256836,-0.10772705,0.48114014,-0.640625,0.09375,0.546875,755
756,1695772664755,0.8852539,-0.07965088,0.46307373,-1.140625,-0.296875,0.25,756
757,1695772664795,0.88183594,-0.077697754,0.4796753,2.265625,2.265625,0.8125,757
758,1695772664835,0.88793945,-0.10089111,0.47454834,1.015625,0.46875,-0.015625,758
759,1695772664875,0.8630371,-0.10308838,0.47039795,-2.765625,-1.859375,-1.0,759
