,timestamp,accel_x,accel_y,accel_z,gyro_x,gyro_y,gyro_z,mag_x,mag_y,mag_z,ind
0,1695809792847,0.4609375,0.8652344,-0.045898438,-24.71875,39.21875,-29.125,0.0,0.0,0.0,0
1,1695809792887,0.46289062,0.90625,-0.015625,-29.25,39.21875,-32.25,0.0,0.0,0.0,1
2,1695809792927,0.4267578,0.8984375,0.016601562,-19.21875,43.0,-26.8125,0.0,0.0,0.0,2
3,1695809792967,0.46777344,0.8876953,-0.07714844,-3.96875,36.65625,-12.03125,0.0,0.0,0.0,3
4,1695809793007,0.5253906,0.921875,-0.032226562,18.96875,38.3125,-4.65625,0.0,0.0,0.0,4
5,1695809793047,0.74316406,0.9638672,0.049804688,41.9375,9.4375,1.875,0.0,0.0,0.0,5
6,1695809793087,0.40527344,1.1396484,0.107421875,54.125,-60.5,20.25,0.0,0.0,0.0,6
7,1695809793127,0.25683594,1.2285156,-0.016601562,76.71875,-75.65625,28.78125,0.0,0.0,0.0,7
8,1695809793167,0.2841797,1.1943359,-0.022460938,90.75,-67.28125,15.3125,0.0,0.0,0.0,8
9,1695809793207,0.064453125,1.2060547,-0.16210938,106.09375,-26.375,16.53125,-4.1875,36.9375,-157.375,9
10,1695809793247,0.34570312,1.0595703,-0.09082031,105.15625,-26.75,6.625,0.0,0.0,0.0,10
11,1695809793287,0.47753906,0.8378906,-0.20605469,79.84375,-50.0,5.28125,0.0,0.0,0.0,11
12,1695809793327,0.33789062,0.78808594,-0.28125,68.53125,-66.25,7.59375,0.0,0.0,0.0,12
13,1695809793367,0.20019531,0.62402344,-0.2861328,27.59375,-65.5,12.125,0.0,0.0,0.0,13
14,1695809793407,0.103515625,0.52441406,-0.3046875,-13.6875,-49.875,4.625,0.0,0.0,0.0,14
15,1695809793447,0.1171875,0.58691406,-0.31054688,-34.71875,-18.53125,-10.09375,0.0,0.0,0.0,15
16,1695809793487,0.24023438,0.60253906,-0.35839844,-44.75,12.25,-6.1875,0.0,0.0,0.0,16
17,1695809793527,0.34765625,0.7089844,-0.40527344,-60.84375,11.8125,-9.1875,0.0,0.0,0.0,17
18,1695809793567,0.36914062,1.0615234,-0.58691406,-63.21875,4.3125,-10.6875,0.0,0.0,0.0,18
19,1695809793607,0.3779297,1.1640625,-0.6298828,-4.28125,-24.875,8.34375,0.0,0.0,0.0,19
20,1695809793647,0.41015625,0.74316406,-0.58984375,10.0,-36.875,19.625,0.0,0.0,0.0,20
21,1695809793687,0.35351562,0.8964844,-0.546875,-38.21875,-16.625,36.78125,-10.5,31.8125,-165.5,21
22,1695809793727,0.40429688,1.4492188,-0.025390625,-30.03125,12.5625,19.21875,0.0,0.0,0.0,22
23,1695809793767,0.13769531,1.0332031,0.0146484375,-17.21875,9.0625,20.96875,0.0,0.0,0.0,23
24,1695809793807,0.0068359375,0.6923828,-0.16894531,11.96875,-3.6875,-15.03125,0.0,0.0,0.0,24
25,1695809793847,0.68066406,1.15625,0.17382812,22.875,72.25,-9.125,0.0,0.0,0.0,25
26,1695809793887,0.45214844,0.9169922,-0.17773438,-43.40625,81.03125,22.625,0.0,0.0,0.0,26
27,1695809793927,0.39160156,0.8017578,-0.14160156,-40.15625,18.28125,6.15625,0.0,0.0,0.0,27
28,1695809793967,0.33789062,0.8564453,0.030273438,-40.71875,32.375,7.65625,0.0,0.0,0.0,28
29,1695809794007,0.3544922,0.89160156,-0.103515625,-55.46875,44.46875,-0.75,0.0,0.0,0.0,29
30,1695809794047,0.42382812,0.79589844,-0.07324219,-44.8125,42.8125,-6.90625,0.0,0.0,0.0,30
31,1695809794087,0.40039062,0.77441406,0.049804688,-39.375,37.5,-16.0625,0.0,0.0,0.0,31
32,1695809794127,0.42285156,0.85058594,-0.047851562,-39.0625,30.125,-30.1875,0.0,0.0,0.0,32
33,1695809794167,0.48828125,0.8417969,-0.0546875,-30.21875,41.78125,-30.1875,0.0,0.0,0.0,33
34,1695809794207,0.6035156,0.8144531,-0.030273438,-32.46875,21.46875,-33.53125,-3.3125,36.3125,-152.625,34
35,1695809794247,0.45507812,0.93359375,-0.017578125,-35.78125,2.46875,-23.28125,0.0,0.0,0.0,35
36,1695809794287,0.39746094,0.9707031,0.024414062,-23.125,3.53125,-12.53125,0.0,0.0,0.0,36
37,1695809794327,0.4970703,0.9707031,-0.072265625,3.71875,23.65625,-18.8125,0.0,0.0,0.0,37
38,1695809794367,0.59472656,1.0537109,0.12207031,36.5,3.34375,-19.90625,0.0,0.0,0.0,38
39,1695809794407,0.359375,1.2558594,0.2578125,47.5,-38.90625,12.625,0.0,0.0,0.0,39
40,1695809794447,0.3671875,1.1484375,-0.021484375,62.125,-48.78125,28.0,0.0,0.0,0.0,40
41,1695809794487,0.36328125,1.0976562,-0.055664062,75.875,-64.65625,10.28125,0.0,0.0,0.0,41
42,1695809794527,0.2548828,1.0517578,-0.076171875,105.21875,-57.28125,13.78125,0.0,0.0,0.0,42
43,1695809794567,0.4248047,0.9873047,-0.12109375,100.71875,-69.0,19.15625,0.0,0.0,0.0,43
44,1695809794607,0.41601562,0.92578125,-0.1640625,84.21875,-90.0625,17.625,0.0,0.0,0.0,44
45,1695809794647,0.32421875,0.78808594,-0.2607422,67.0625,-109.65625,20.125,0.0,0.0,0.0,45
46,1695809794687,0.21972656,0.7294922,-0.23242188,45.65625,-89.875,37.28125,-12.3125,28.8125,-168.1875,46
47,1695809794727,0.09082031,0.5625,-0.22753906,-7.5625,-76.9375,31.21875,0.0,0.0,0.0,47
48,1695809794767,0.1796875,0.5517578,-0.234375,-41.375,-48.5,11.9375,0.0,0.0,0.0,48
49,1695809794807,0.16796875,0.5410156,-0.36914062,-63.53125,-20.53125,3.40625,0.0,0.0,0.0,49
50,1695809794847,0.234375,0.640625,-0.46972656,-79.03125,-24.375,-9.90625,0.0,0.0,0.0,50
51,1695809794887,0.35351562,1.0449219,-0.6376953,-73.0,-20.90625,-1.125,0.0,0.0,0.0,51
52,1695809794927,0.42285156,1.2109375,-0.6171875,-18.3125,-41.46875,16.15625,0.0,0.0,0.0,52
53,1695809794967,0.53222656,0.6484375,-0.64453125,14.65625,-75.78125,43.375,0.0,0.0,0.0,53
54,1695809795007,0.31152344,1.3085938,-0.13574219,-40.28125,11.5,64.1875,0.0,0.0,0.0,54
55,1695809795047,0.16699219,1.4277344,-0.0390625,-6.28125,-14.5625,16.15625,0.0,0.0,0.0,55
56,1695809795087,0.22265625,0.74902344,-0.16796875,21.90625,-26.34375,-13.75,0.0,0.0,0.0,56
57,1695809795127,0.4609375,0.8378906,0.119140625,22.28125,84.4375,9.5,0.0,0.0,0.0,57
58,1695809795167,0.5449219,1.0478516,-0.06347656,-62.75,42.75,16.8125,0.0,0.0,0.0,58
59,1695809795207,0.3857422,0.9785156,-0.20703125,-66.21875,13.71875,8.65625,-12.0,32.875,-162.625,59
60,1695809795247,0.2939453,0.75390625,-0.009765625,-58.84375,31.46875,5.78125,0.0,0.0,0.0,60
61,1695809795287,0.3388672,0.84375,-0.09667969,-48.21875,25.0,-8.9375,0.0,0.0,0.0,61
62,1695809795327,0.29101562,0.81152344,-0.0390625,-40.53125,34.53125,-13.3125,0.0,0.0,0.0,62
63,1695809795367,0.3876953,0.7890625,-0.049804688,-39.71875,42.9375,-19.75,0.0,0.0,0.0,63
64,1695809795407,0.47753906,0.7363281,-0.04296875,-30.6875,44.65625,-28.84375,0.0,0.0,0.0,64
65,1695809795447,0.56933594,0.8671875,-0.111328125,-39.5,18.15625,-35.0625,0.0,0.0,0.0,65
66,1695809795487,0.41015625,0.921875,-0.095703125,-41.375,20.4375,-30.1875,0.0,0.0,0.0,66
67,1695809795527,0.34375,0.9423828,-0.05859375,-33.5,26.15625,-23.03125,0.0,0.0,0.0,67
68,1695809795567,0.51953125,0.8876953,-0.064453125,-14.84375,15.46875,-15.15625,0.0,0.0,0.0,68
69,1695809795607,0.74121094,1.125,0.11035156,15.0625,-8.15625,-4.71875,0.0,0.0,0.0,69
70,1695809795647,0.52734375,1.2128906,0.20800781,42.59375,-68.75,24.21875,0.0,0.0,0.0,70
71,1695809795687,0.4404297,1.2001953,0.025390625,52.125,-91.34375,30.375,-16.625,38.875,-152.3125,71
72,1695809795727,0.36523438,1.2109375,-0.00390625,63.59375,-97.125,16.53125,0.0,0.0,0.0,72
73,1695809795767,0.23730469,1.0566406,-0.029296875,85.8125,-79.5625,19.8125,0.0,0.0,0.0,73
74,1695809795807,0.35546875,0.9453125,-0.045898438,95.6875,-75.28125,23.59375,0.0,0.0,0.0,74
75,1695809795847,0.3701172,0.8925781,-0.08496094,75.75,-92.3125,26.34375,0.0,0.0,0.0,75
76,1695809795887,0.34375,0.7871094,-0.17871094,55.34375,-118.96875,25.96875,0.0,0.0,0.0,76
77,1695809795927,0.23925781,0.75097656,-0.19238281,34.1875,-99.09375,34.40625,0.0,0.0,0.0,77
78,1695809795967,0.125,0.6015625,-0.1640625,-12.8125,-91.09375,27.25,0.0,0.0,0.0,78
79,1695809796007,0.11328125,0.55566406,-0.24121094,-43.75,-65.5625,6.625,0.0,0.0,0.0,79
80,1695809796047,0.20898438,0.58691406,-0.36914062,-74.71875,-37.0,-4.28125,0.0,0.0,0.0,80
81,1695809796087,0.3515625,0.7207031,-0.45117188,-97.40625,-26.5625,-7.78125,0.0,0.0,0.0,81
82,1695809796127,0.3515625,1.1416016,-0.40722656,-57.0625,-36.78125,13.15625,0.0,0.0,0.0,82
83,1695809796167,0.3701172,1.1865234,-0.5732422,-7.5,-50.25,23.0,0.0,0.0,0.0,83
84,1695809796207,0.17773438,0.91796875,-0.4794922,12.8125,-46.03125,35.5,-24.75,36.9375,-154.5625,84
85,1695809796247,0.15332031,1.5117188,-0.24609375,-26.96875,-5.5625,11.5625,0.0,0.0,0.0,85
86,1695809796287,0.20507812,0.9189453,-0.32714844,11.15625,15.25,-5.09375,0.0,0.0,0.0,86
87,1695809796327,0.16796875,0.61621094,0.083984375,0.90625,62.46875,15.125,0.0,0.0,0.0,87
88,1695809796367,0.5205078,1.0263672,0.041992188,-22.34375,11.6875,-8.125,0.0,0.0,0.0,88
89,1695809796407,0.5830078,1.0585938,-0.18261719,-44.625,25.71875,5.15625,0.0,0.0,0.0,89
90,1695809796447,0.2861328,0.82128906,-0.10546875,-51.4375,36.0625,16.9375,0.0,0.0,0.0,90
91,1695809796487,0.4560547,0.7714844,-0.0625,-49.625,27.5,18.90625,0.0,0.0,0.0,91
92,1695809796527,0.3388672,0.9111328,-0.0234375,-57.3125,19.25,11.8125,0.0,0.0,0.0,92
93,1695809796567,0.38085938,0.8261719,-0.07910156,-51.6875,18.71875,1.25,0.0,0.0,0.0,93
94,1695809796607,0.35839844,0.7861328,-0.028320312,-40.90625,30.0625,-9.96875,0.0,0.0,0.0,94
95,1695809796647,0.4658203,0.8330078,-0.024414062,-44.8125,32.5,-20.03125,0.0,0.0,0.0,95
96,1695809796687,0.421875,0.8876953,-0.0029296875,-41.25,18.53125,-27.84375,-19.9375,39.8125,-145.5625,96
97,1695809796727,0.46972656,0.88964844,-0.01953125,-33.15625,22.3125,-30.40625,0.0,0.0,0.0,97
98,1695809796767,0.47558594,0.8964844,-0.009765625,-45.21875,18.53125,-22.125,0.0,0.0,0.0,98
99,1695809796807,0.4970703,0.92089844,0.028320312,-29.3125,15.59375,-5.03125,0.0,0.0,0.0,99
100,1695809796847,0.5830078,1.0234375,-0.036132812,3.34375,21.21875,-2.9375,0.0,0.0,0.0,100
101,1695809796887,0.6201172,1.0078125,0.083984375,30.625,-11.625,1.75,0.0,0.0,0.0,101
102,1695809796927,0.35253906,1.1210938,0.17480469,51.625,-65.8125,25.78125,0.0,0.0,0.0,102
103,1695809796967,0.25195312,1.1572266,0.013671875,84.78125,-76.6875,39.71875,0.0,0.0,0.0,103
104,1695809797007,0.3486328,1.2236328,-0.026367188,90.15625,-68.4375,20.4375,0.0,0.0,0.0,104
105,1695809797047,0.16601562,1.1982422,-0.16015625,103.46875,-47.75,18.59375,0.0,0.0,0.0,105
106,1695809797087,0.27539062,1.0,-0.10253906,104.1875,-34.3125,11.5,0.0,0.0,0.0,106
107,1695809797127,0.39648438,0.85253906,-0.1796875,83.5625,-49.40625,12.3125,0.0,0.0,0.0,107
108,1695809797167,0.31835938,0.7578125,-0.28027344,59.625,-58.25,24.625,0.0,0.0,0.0,108
109,1695809797207,0.24609375,0.6328125,-0.24023438,21.65625,-51.46875,27.8125,-19.625,36.1875,-158.3125,109
110,1695809797247,0.15625,0.55371094,-0.22070312,-15.6875,-49.53125,18.65625,0.0,0.0,0.0,110
111,1695809797287,0.13671875,0.54296875,-0.2685547,-42.125,-36.46875,-0.21875,0.0,0.0,0.0,111
112,1695809797327,0.27148438,0.5488281,-0.38964844,-60.25,-0.34375,-10.46875,0.0,0.0,0.0,112
113,1695809797367,0.3154297,0.73339844,-0.484375,-69.15625,18.84375,-15.9375,0.0,0.0,0.0,113
114,1695809797407,0.5683594,1.1865234,-0.5517578,-52.5625,-17.46875,4.0,0.0,0.0,0.0,114
115,1695809797447,0.5058594,1.0664062,-0.6142578,-3.96875,-35.375,14.75,0.0,0.0,0.0,115
116,1695809797487,0.4248047,0.8144531,-0.57910156,1.9375,-30.78125,38.75,0.0,0.0,0.0,116
117,1695809797527,0.24609375,1.3603516,-0.047851562,-41.3125,9.1875,30.375,0.0,0.0,0.0,117
118,1695809797567,0.09472656,1.0478516,-0.07714844,-19.09375,7.96875,3.46875,0.0,0.0,0.0,118
119,1695809797607,0.1796875,0.82128906,-0.16308594,12.15625,0.28125,-13.3125,0.0,0.0,0.0,119
120,1695809797647,0.4560547,0.9404297,0.07128906,15.875,75.0,5.21875,0.0,0.0,0.0,120
121,1695809797687,0.47265625,1.0244141,-0.032226562,-44.8125,78.46875,13.84375,-19.5,38.125,-149.875,121
122,1695809797727,0.328125,0.8457031,-0.10253906,-57.9375,36.46875,3.28125,0.0,0.0,0.0,122
123,1695809797767,0.34472656,0.8984375,0.080078125,-43.15625,53.4375,-2.28125,0.0,0.0,0.0,123
124,1695809797807,0.28027344,0.9316406,-0.04296875,-46.09375,51.3125,-15.71875,0.0,0.0,0.0,124
125,1695809797847,0.38964844,0.83203125,-0.026367188,-32.09375,62.71875,-16.3125,0.0,0.0,0.0,125
126,1695809797887,0.41503906,0.7421875,0.043945312,-25.4375,58.8125,-17.125,0.0,0.0,0.0,126
127,1695809797927,0.46289062,0.7783203,-0.0009765625,-27.65625,46.90625,-22.53125,0.0,0.0,0.0,127
128,1695809797967,0.484375,0.8671875,-0.11035156,-26.90625,38.375,-27.25,0.0,0.0,0.0,128
129,1695809798007,0.48828125,0.8935547,-0.055664062,-24.96875,34.34375,-30.40625,0.0,0.0,0.0,129
130,1695809798047,0.49804688,0.9082031,-0.040039062,-23.875,34.71875,-22.78125,0.0,0.0,0.0,130
131,1695809798087,0.48632812,0.9902344,-0.055664062,-9.53125,21.59375,-12.21875,0.0,0.0,0.0,131
132,1695809798127,0.5361328,1.0722656,-0.02734375,23.8125,23.71875,-8.75,0.0,0.0,0.0,132
133,1695809798167,0.54296875,1.0361328,0.0,48.8125,-7.96875,6.8125,0.0,0.0,0.0,133
134,1695809798207,0.4970703,1.0693359,0.15429688,65.96875,-58.625,26.15625,-19.8125,39.3125,-139.5625,134
135,1695809798247,0.47460938,1.2158203,-0.020507812,50.90625,-76.0625,31.65625,0.0,0.0,0.0,135
136,1695809798287,0.18457031,1.2285156,-0.0068359375,71.53125,-62.71875,26.15625,0.0,0.0,0.0,136
137,1695809798327,0.080078125,1.0673828,-0.064453125,99.0,-27.125,22.25,0.0,0.0,0.0,137
138,1695809798367,0.3671875,0.96191406,-0.040039062,108.09375,-45.125,5.90625,0.0,0.0,0.0,138
139,1695809798407,0.4091797,0.8232422,-0.19042969,86.25,-74.65625,4.5625,0.0,0.0,0.0,139
140,1695809798447,0.35351562,0.71191406,-0.20214844,66.34375,-77.28125,10.28125,0.0,0.0,0.0,140
141,1695809798487,0.16601562,0.65625,-0.26757812,23.9375,-70.03125,11.46875,0.0,0.0,0.0,141
142,1695809798527,0.09375,0.53027344,-0.26367188,-17.28125,-56.78125,-1.71875,0.0,0.0,0.0,142
143,1695809798567,0.15625,0.5595703,-0.27929688,-50.0625,-13.625,-8.125,0.0,0.0,0.0,143
144,1695809798607,0.24316406,0.5078125,-0.390625,-66.71875,21.9375,-11.625,0.0,0.0,0.0,144
145,1695809798647,0.3720703,0.8515625,-0.49804688,-79.40625,16.8125,-14.78125,0.0,0.0,0.0,145
146,1695809798687,0.5,1.3369141,-0.4501953,-43.15625,-18.5625,5.46875,-22.375,37.0625,-152.3125,146
147,1695809798727,0.5214844,0.8955078,-0.5996094,14.65625,-35.5,15.40625,0.0,0.0,0.0,147
148,1695809798767,0.2919922,0.7763672,-0.484375,-8.0625,-19.0625,44.03125,0.0,0.0,0.0,148
149,1695809798807,0.19042969,1.59375,0.1328125,-43.46875,14.625,14.75,0.0,0.0,0.0,149
150,1695809798847,0.21972656,1.1044922,-0.11425781,8.125,15.0625,10.0625,0.0,0.0,0.0,150
151,1695809798887,0.076171875,0.72265625,-0.13574219,16.53125,14.8125,-1.0,0.0,0.0,0.0,151
152,1695809798927,0.6748047,1.1005859,0.18652344,6.90625,80.0625,7.125,0.0,0.0,0.0,152
153,1695809798967,0.42089844,1.0185547,-0.0703125,-56.6875,79.3125,20.59375,0.0,0.0,0.0,153
154,1695809799007,0.26171875,0.8730469,-0.041992188,-54.0625,18.15625,2.59375,0.0,0.0,0.0,154
155,1695809799047,0.17382812,0.85839844,0.09277344,-41.5625,59.59375,5.46875,0.0,0.0,0.0,155
156,1695809799087,0.3984375,0.8886719,-0.07714844,-29.90625,86.59375,-5.09375,0.0,0.0,0.0,156
157,1695809799127,0.46972656,0.7783203,-0.01953125,-24.34375,72.3125,-9.78125,0.0,0.0,0.0,157
158,1695809799167,0.4580078,0.6933594,0.0126953125,-26.625,57.21875,-21.8125,0.0,0.0,0.0,158
159,1695809799207,0.44335938,0.8251953,-0.041992188,-37.90625,37.03125,-30.90625,-15.3125,38.75,-141.0625,159
160,1695809799247,0.49414062,0.9111328,-0.049804688,-28.4375,33.59375,-38.65625,0.0,0.0,0.0,160
161,1695809799287,0.42285156,0.85253906,-0.0234375,-31.6875,30.6875,-37.75,0.0,0.0,0.0,161
162,1695809799327,0.51953125,0.9199219,0.1015625,-24.21875,36.0,-20.15625,0.0,0.0,0.0,162
163,1695809799367,0.49316406,1.0898438,-0.0068359375,5.5625,34.9375,-5.5625,0.0,0.0,0.0,163
164,1695809799407,0.546875,1.1816406,0.06347656,47.0,18.40625,11.5625,0.0,0.0,0.0,164
165,1695809799447,0.3828125,1.1035156,0.11621094,80.6875,-36.78125,36.1875,0.0,0.0,0.0,165
166,1695809799487,0.359375,1.2070312,-0.043945312,97.96875,-58.8125,30.1875,0.0,0.0,0.0,166
167,1695809799527,0.2548828,1.2207031,-0.01171875,91.75,-56.84375,17.4375,0.0,0.0,0.0,167
168,1695809799567,0.109375,1.1015625,-0.07519531,114.8125,-26.875,20.0,0.0,0.0,0.0,168
169,1695809799607,0.25976562,1.0341797,-0.06542969,110.09375,-24.1875,7.125,0.0,0.0,0.0,169
170,1695809799647,0.28027344,0.84765625,-0.16894531,86.71875,-37.1875,2.46875,0.0,0.0,0.0,170
171,1695809799687,0.36328125,0.7734375,-0.20703125,65.125,-37.625,5.46875,-17.5625,34.8125,-158.0,171
172,1695809799727,0.265625,0.6230469,-0.24804688,26.0625,-43.34375,6.03125,0.0,0.0,0.0,172
173,1695809799767,0.119140625,0.5527344,-0.27929688,-11.34375,-43.125,-4.84375,0.0,0.0,0.0,173
174,1695809799807,0.10253906,0.56640625,-0.27539062,-32.46875,-15.28125,-12.90625,0.0,0.0,0.0,174
175,1695809799847,0.15527344,0.5576172,-0.31640625,-43.21875,17.96875,-14.375,0.0,0.0,0.0,175
176,1695809799887,0.3076172,0.72753906,-0.45117188,-62.375,45.21875,-14.96875,0.0,0.0,0.0,176
177,1695809799927,0.59472656,1.1220703,-0.5566406,-49.625,17.5,-1.78125,0.0,0.0,0.0,177
178,1695809799967,0.5439453,1.0917969,-0.62402344,1.28125,-18.75,12.84375,0.0,0.0,0.0,178
179,1695809800007,0.45703125,0.6689453,-0.6220703,8.125,-47.3125,34.46875,0.0,0.0,0.0,179
180,1695809800047,0.053710938,1.2890625,-0.46972656,-44.0,-3.5625,33.90625,0.0,0.0,0.0,180
181,1695809800087,0.3623047,1.5839844,0.059570312,-31.25,7.53125,-4.53125,0.0,0.0,0.0,181
182,1695809800127,-0.009765625,0.66796875,-0.04296875,27.28125,26.71875,4.25,0.0,0.0,0.0,182
183,1695809800167,0.12402344,0.71875,-0.080078125,30.625,78.59375,-2.28125,0.0,0.0,0.0,183
184,1695809800207,0.76953125,1.1337891,0.06542969,-15.25,121.9375,15.90625,-16.9375,33.9375,-153.0625,184
185,1695809800247,0.29785156,0.9042969,-0.08300781,-42.25,76.21875,13.40625,0.0,0.0,0.0,185
186,1695809800287,0.29003906,0.8466797,-0.043945312,-34.96875,49.125,0.78125,0.0,0.0,0.0,186
187,1695809800327,0.33007812,0.92089844,0.083984375,-45.28125,75.34375,-0.15625,0.0,0.0,0.0,187
188,1695809800367,0.38183594,0.8847656,-0.0546875,-32.34375,85.25,-6.5,0.0,0.0,0.0,188
189,1695809800407,0.4267578,0.77734375,0.032226562,-17.03125,73.46875,-10.46875,0.0,0.0,0.0,189
190,1695809800447,0.47753906,0.7373047,0.024414062,-16.78125,60.40625,-18.34375,0.0,0.0,0.0,190
191,1695809800487,0.46191406,0.8222656,-0.047851562,-19.53125,45.21875,-22.0625,0.0,0.0,0.0,191
192,1695809800527,0.48535156,0.8564453,-0.08300781,-21.78125,41.34375,-26.3125,0.0,0.0,0.0,192
193,1695809800567,0.48632812,0.87109375,0.03125,-27.96875,40.625,-28.65625,0.0,0.0,0.0,193
194,1695809800607,0.49902344,0.9316406,0.0078125,-26.6875,40.25,-17.0,0.0,0.0,0.0,194
195,1695809800647,0.48632812,0.97265625,-0.0009765625,-4.9375,34.46875,-6.5625,0.0,0.0,0.0,195
196,1695809800687,0.62109375,1.0625,0.057617188,27.84375,30.5,-3.6875,-11.6875,39.0625,-141.8125,196
197,1695809800727,0.59765625,1.0800781,0.13476562,53.15625,-12.21875,10.71875,0.0,0.0,0.0,197
198,1695809800767,0.2861328,1.1376953,-0.005859375,80.25,-50.375,19.375,0.0,0.0,0.0,198
199,1695809800807,0.41015625,1.2246094,0.0625,96.3125,-67.90625,10.21875,0.0,0.0,0.0,199
200,1695809800847,0.17675781,1.1767578,-0.030273438,100.09375,-69.53125,10.125,0.0,0.0,0.0,200
201,1695809800887,0.14257812,1.1542969,-0.07910156,115.84375,-48.25,3.03125,0.0,0.0,0.0,201
202,1695809800927,0.3232422,0.95214844,-0.14355469,105.90625,-33.28125,-8.4375,0.0,0.0,0.0,202
203,1695809800967,0.35058594,0.8173828,-0.20410156,88.1875,-48.96875,-0.03125,0.0,0.0,0.0,203
204,1695809801007,0.28125,0.64453125,-0.24609375,44.5625,-48.53125,3.8125,0.0,0.0,0.0,204
205,1695809801047,0.11816406,0.5546875,-0.23632812,4.34375,-36.40625,-1.5625,0.0,0.0,0.0,205
206,1695809801087,0.10449219,0.53125,-0.23632812,-29.96875,-14.84375,-14.0625,0.0,0.0,0.0,206
207,1695809801127,0.15332031,0.57910156,-0.3779297,-50.40625,15.53125,-19.5625,0.0,0.0,0.0,207
208,1695809801167,0.3076172,0.6904297,-0.4580078,-58.40625,35.9375,-13.5625,0.0,0.0,0.0,208
209,1695809801207,0.47265625,0.9765625,-0.5185547,-58.59375,8.9375,-3.625,-17.6875,35.0,-159.1875,209
210,1695809801247,0.38867188,1.1660156,-0.53808594,-11.96875,-32.75,4.25,0.0,0.0,0.0,210
211,1695809801287,0.42382812,0.8183594,-0.63671875,-5.4375,-58.0625,10.0,0.0,0.0,0.0,211
212,1695809801327,0.19726562,1.328125,-0.4921875,-27.65625,-16.875,36.125,0.0,0.0,0.0,212
213,1695809801367,0.0390625,1.2607422,0.05859375,0.4375,38.78125,13.59375,0.0,0.0,0.0,213
214,1695809801407,0.2763672,0.8203125,-0.047851562,12.375,11.625,-2.875,0.0,0.0,0.0,214
215,1695809801447,0.2734375,0.7363281,-0.013671875,27.28125,24.875,0.09375,0.0,0.0,0.0,215
216,1695809801487,0.5048828,1.1689453,0.12988281,-12.375,93.71875,11.28125,0.0,0.0,0.0,216
217,1695809801527,0.45214844,0.8876953,-0.1328125,-38.5,63.15625,17.1875,0.0,0.0,0.0,217
218,1695809801567,0.40820312,0.8544922,-0.03515625,-41.9375,15.0,4.5625,0.0,0.0,0.0,218
219,1695809801607,0.2939453,0.83984375,0.059570312,-47.53125,34.59375,10.71875,0.0,0.0,0.0,219
220,1695809801647,0.41308594,0.9345703,-0.0859375,-45.65625,40.03125,0.90625,0.0,0.0,0.0,220
221,1695809801687,0.36816406,0.7783203,-0.029296875,-28.875,35.4375,-4.53125,-12.3125,37.8125,-152.3125,221
222,1695809801727,0.42773438,0.78515625,-0.017578125,-30.46875,32.6875,-15.03125,0.0,0.0,0.0,222
223,1695809801767,0.43847656,0.90234375,-0.026367188,-34.25,31.40625,-24.0,0.0,0.0,0.0,223
224,1695809801807,0.42382812,0.859375,-0.087890625,-32.03125,26.21875,-32.5,0.0,0.0,0.0,224
225,1695809801847,0.44140625,0.8564453,0.013671875,-33.375,32.6875,-39.8125,0.0,0.0,0.0,225
226,1695809801887,0.43847656,0.92285156,0.033203125,-45.15625,38.4375,-33.40625,0.0,0.0,0.0,226
227,1695809801927,0.5107422,0.93359375,0.030273438,-37.34375,32.4375,-19.6875,0.0,0.0,0.0,227
228,1695809801967,0.6191406,0.99609375,-0.0048828125,-13.25,28.125,-8.03125,0.0,0.0,0.0,228
229,1695809802007,0.7392578,1.1152344,0.08984375,10.1875,-9.84375,8.65625,0.0,0.0,0.0,229
230,1695809802047,0.5810547,1.1328125,0.234375,34.78125,-65.34375,24.5,0.0,0.0,0.0,230
231,1695809802087,0.20117188,0.99316406,0.01953125,70.875,-108.53125,21.875,0.0,0.0,0.0,231
232,1695809802127,0.18066406,1.2587891,-0.049804688,100.59375,-84.9375,13.84375,0.0,0.0,0.0,232
233,1695809802167,0.29296875,1.0693359,-0.005859375,103.40625,-51.65625,23.40625,0.0,0.0,0.0,233
234,1695809802207,0.3798828,1.0351562,-0.12109375,109.25,-67.46875,21.15625,-14.6875,38.4375,-153.8125,234
235,1695809802247,0.32714844,0.9375,-0.18359375,84.34375,-76.25,10.21875,0.0,0.0,0.0,235
236,1695809802287,0.31640625,0.7714844,-0.2626953,60.90625,-72.78125,19.9375,0.0,0.0,0.0,236
237,1695809802327,0.2685547,0.7001953,-0.17675781,34.71875,-75.21875,26.09375,0.0,0.0,0.0,237
238,1695809802367,0.14257812,0.5996094,-0.21289062,-3.65625,-84.1875,18.59375,0.0,0.0,0.0,238
239,1695809802407,0.13183594,0.58984375,-0.29785156,-33.9375,-48.0625,4.4375,0.0,0.0,0.0,239
240,1695809802447,0.18652344,0.5888672,-0.3232422,-43.875,-9.25,1.125,0.0,0.0,0.0,240
241,1695809802487,0.26367188,0.6347656,-0.4091797,-59.8125,7.4375,-10.75,0.0,0.0,0.0,241
242,1695809802527,0.47851562,1.0058594,-0.5830078,-73.375,-3.0625,-8.0625,0.0,0.0,0.0,242
243,1695809802567,0.43164062,1.1308594,-0.47558594,-17.46875,-46.53125,4.6875,0.0,0.0,0.0,243
244,1695809802607,0.4873047,0.7871094,-0.57128906,-4.46875,-70.40625,18.59375,0.0,0.0,0.0,244
245,1695809802647,0.24414062,0.90625,-0.4873047,-41.25,-34.09375,53.125,0.0,0.0,0.0,245
246,1695809802687,0.22753906,1.6074219,0.043945312,-41.9375,-5.8125,29.875,-21.125,36.9375,-154.5625,246
247,1695809802727,0.14941406,0.9589844,-0.09277344,8.375,14.5,6.875,0.0,0.0,0.0,247
248,1695809802767,0.0625,0.6152344,-0.0048828125,27.03125,4.6875,-8.25,0.0,0.0,0.0,248
249,1695809802807,0.73339844,1.2021484,0.18945312,3.40625,71.875,4.8125,0.0,0.0,0.0,249
250,1695809802847,0.49609375,0.93847656,-0.19433594,-44.5625,54.78125,15.375,0.0,0.0,0.0,250
251,1695809802887,0.34765625,0.84375,-0.09472656,-56.15625,-3.0,6.03125,0.0,0.0,0.0,251
252,1695809802927,0.24316406,0.88378906,0.043945312,-43.40625,28.3125,10.59375,0.0,0.0,0.0,252
253,1695809802967,0.3955078,0.9013672,-0.064453125,-51.75,36.15625,0.90625,0.0,0.0,0.0,253
254,1695809803007,0.4111328,0.80859375,-0.07519531,-43.40625,39.96875,-3.1875,0.0,0.0,0.0,254
255,1695809803047,0.41503906,0.74609375,-0.009765625,-39.5,33.25,-11.375,0.0,0.0,0.0,255
256,1695809803087,0.49316406,0.8310547,-0.013671875,-39.71875,24.4375,-22.375,0.0,0.0,0.0,256
257,1695809803127,0.42773438,0.8935547,-0.059570312,-34.65625,19.5625,-31.75,0.0,0.0,0.0,257
258,1695809803167,0.38378906,0.9453125,-0.018554688,-33.03125,34.15625,-32.125,0.0,0.0,0.0,258
259,1695809803207,0.49804688,0.8691406,0.056640625,-37.15625,34.78125,-23.53125,-17.6875,41.4375,-143.0,259
260,1695809803247,0.53125,0.9003906,0.036132812,-33.75,18.71875,-8.6875,0.0,0.0,0.0,260
261,1695809803287,0.7519531,0.9560547,-0.025390625,-15.1875,22.25,2.65625,0.0,0.0,0.0,261
262,1695809803327,0.7158203,1.0126953,0.024414062,12.03125,-19.1875,3.53125,0.0,0.0,0.0,262
263,1695809803367,0.4560547,1.0947266,0.12011719,40.34375,-60.4375,12.84375,0.0,0.0,0.0,263
264,1695809803407,0.2705078,1.0595703,0.036132812,79.84375,-90.34375,15.90625,0.0,0.0,0.0,264
265,1695809803447,0.37695312,1.2363281,0.5048828,90.09375,-85.90625,14.125,0.0,0.0,0.0,265
266,1695809803487,0.2607422,1.1572266,-0.043945312,87.46875,-57.40625,20.3125,0.0,0.0,0.0,266
267,1695809803527,0.27148438,1.1103516,-0.10839844,100.84375,-50.5625,25.84375,0.0,0.0,0.0,267
268,1695809803567,0.2734375,0.90625,-0.123046875,77.875,-61.59375,7.375,0.0,0.0,0.0,268
269,1695809803607,0.31835938,0.8017578,-0.234375,55.96875,-72.34375,6.625,0.0,0.0,0.0,269
270,1695809803647,0.2607422,0.78515625,-0.24023438,45.84375,-63.125,18.84375,0.0,0.0,0.0,270
271,1695809803687,0.22949219,0.60546875,-0.21582031,6.53125,-64.28125,11.5625,-21.625,37.0625,-159.9375,271
272,1695809803727,0.09472656,0.57714844,-0.27929688,-31.875,-41.59375,-1.84375,0.0,0.0,0.0,272
273,1695809803767,0.15234375,0.6044922,-0.32421875,-59.375,-7.53125,-10.03125,0.0,0.0,0.0,273
274,1695809803807,0.28320312,0.6503906,-0.3935547,-76.34375,11.625,-12.59375,0.0,0.0,0.0,274
275,1695809803847,0.44726562,1.1171875,-0.5517578,-73.71875,3.09375,-6.0,0.0,0.0,0.0,275
276,1695809803887,0.45703125,1.2148438,-0.53027344,-4.8125,-43.34375,-0.15625,0.0,0.0,0.0,276
277,1695809803927,0.50683594,0.6533203,-0.5683594,12.28125,-64.65625,13.53125,0.0,0.0,0.0,277
278,1695809803967,0.16894531,0.9404297,-0.4169922,-32.59375,-32.90625,29.875,0.0,0.0,0.0,278
279,1695809804007,0.20605469,1.53125,-0.036132812,-30.21875,-9.53125,5.40625,0.0,0.0,0.0,279
280,1695809804047,0.2548828,0.9794922,-0.07421875,0.0625,26.03125,9.125,0.0,0.0,0.0,280
281,1695809804087,0.18261719,0.6455078,0.02734375,10.625,27.75,5.96875,0.0,0.0,0.0,281
282,1695809804127,0.53027344,1.0703125,0.13378906,-5.875,43.75,3.53125,0.0,0.0,0.0,282
283,1695809804167,0.44335938,0.98339844,-0.22265625,-40.40625,51.375,23.71875,0.0,0.0,0.0,283
284,1695809804207,0.35839844,0.83203125,-0.107421875,-44.5625,23.0,17.6875,-22.375,41.4375,-151.25,284
285,1695809804247,0.3251953,0.8544922,0.06738281,-39.5625,36.21875,13.78125,0.0,0.0,0.0,285
286,1695809804287,0.38378906,0.94140625,-0.0703125,-58.03125,37.9375,3.8125,0.0,0.0,0.0,286
287,1695809804327,0.35742188,0.84765625,-0.061523438,-35.78125,45.875,-4.46875,0.0,0.0,0.0,287
288,1695809804367,0.41210938,0.76660156,0.0,-35.15625,39.90625,-15.53125,0.0,0.0,0.0,288
289,1695809804407,0.45996094,0.796875,0.016601562,-30.53125,32.09375,-24.125,0.0,0.0,0.0,289
290,1695809804447,0.4296875,0.89453125,-0.09277344,-24.90625,24.28125,-28.65625,0.0,0.0,0.0,290
291,1695809804487,0.453125,0.9238281,-0.040039062,-21.125,31.84375,-29.4375,0.0,0.0,0.0,291
292,1695809804527,0.41210938,0.9091797,0.0126953125,-25.625,28.65625,-22.84375,0.0,0.0,0.0,292
293,1695809804567,0.48339844,0.86621094,-0.0107421875,-16.34375,22.9375,-11.5625,0.0,0.0,0.0,293
294,1695809804607,0.5878906,1.0722656,-0.01953125,5.625,29.40625,-1.90625,0.0,0.0,0.0,294
295,1695809804647,0.6826172,1.1240234,0.026367188,30.875,-7.28125,3.15625,0.0,0.0,0.0,295
296,1695809804687,0.390625,1.1308594,0.05859375,58.59375,-56.78125,18.03125,-24.125,45.0625,-140.875,296
297,1695809804727,0.35253906,1.0722656,0.01171875,80.0625,-75.65625,20.84375,0.0,0.0,0.0,297
298,1695809804767,0.33203125,1.1552734,-0.0703125,68.46875,-74.90625,17.5625,0.0,0.0,0.0,298
299,1695809804807,0.15234375,1.140625,-0.099609375,86.90625,-48.90625,24.9375,0.0,0.0,0.0,299
300,1695809804847,0.25097656,0.9970703,-0.091796875,91.1875,-33.03125,16.875,0.0,0.0,0.0,300
301,1695809804887,0.3388672,0.7734375,-0.13964844,74.875,-52.34375,11.40625,0.0,0.0,0.0,301
302,1695809804927,0.30273438,0.85546875,-0.24414062,50.90625,-68.3125,18.53125,0.0,0.0,0.0,302
303,1695809804967,0.265625,0.73046875,-0.28027344,23.375,-62.78125,20.5,0.0,0.0,0.0,303
304,1695809805007,0.16503906,0.6640625,-0.25976562,-8.59375,-51.15625,14.5625,0.0,0.0,0.0,304
305,1695809805047,0.09863281,0.6328125,-0.26367188,-27.40625,-36.15625,-2.21875,0.0,0.0,0.0,305
306,1695809805087,0.20800781,0.625,-0.3203125,-45.21875,-12.09375,-11.875,0.0,0.0,0.0,306
307,1695809805127,0.29882812,0.67285156,-0.41210938,-63.46875,9.75,-11.875,0.0,0.0,0.0,307
308,1695809805167,0.37695312,0.9511719,-0.515625,-62.25,3.6875,-4.34375,0.0,0.0,0.0,308
309,1695809805207,0.46191406,1.140625,-0.52734375,-20.75,-24.375,6.375,-25.625,43.25,-154.375,309
310,1695809805247,0.5341797,0.75,-0.5673828,0.0,-46.65625,17.4375,0.0,0.0,0.0,310
311,1695809805287,0.2626953,1.0576172,-0.55566406,-14.84375,-33.90625,45.9375,0.0,0.0,0.0,311
312,1695809805327,0.045898438,1.4121094,0.064453125,-26.4375,12.4375,19.28125,0.0,0.0,0.0,312
313,1695809805367,0.24511719,1.0576172,-0.09667969,12.5625,9.0,5.03125,0.0,0.0,0.0,313
314,1695809805407,0.18457031,0.75,-0.1484375,21.4375,22.25,1.8125,0.0,0.0,0.0,314
315,1695809805447,0.6425781,1.0771484,0.11328125,5.5,102.875,22.9375,0.0,0.0,0.0,315
316,1695809805487,0.46679688,0.96191406,-0.11425781,-35.875,69.25,26.21875,0.0,0.0,0.0,316
317,1695809805527,0.31347656,0.83984375,-0.07421875,-44.5,17.125,8.03125,0.0,0.0,0.0,317
318,1695809805567,0.30078125,0.90722656,0.11328125,-46.21875,50.9375,9.5625,0.0,0.0,0.0,318
319,1695809805607,0.390625,0.9248047,-0.07519531,-37.125,52.90625,-3.0,0.0,0.0,0.0,319
320,1695809805647,0.4189453,0.80371094,0.017578125,-20.875,61.75,-4.28125,0.0,0.0,0.0,320
321,1695809805687,0.46679688,0.7675781,0.021484375,-24.28125,49.34375,-9.84375,-15.0,43.6875,-146.3125,321
322,1695809805727,0.4609375,0.8261719,-0.025390625,-20.875,42.75,-16.0,0.0,0.0,0.0,322
323,1695809805767,0.4658203,0.8154297,-0.07519531,-18.625,40.875,-22.90625,0.0,0.0,0.0,323
324,1695809805807,0.50878906,0.80078125,0.053710938,-24.40625,33.90625,-25.90625,0.0,0.0,0.0,324
325,1695809805847,0.44921875,0.90527344,0.0546875,-26.71875,22.625,-21.5625,0.0,0.0,0.0,325
326,1695809805887,0.4423828,0.9404297,0.0146484375,-17.09375,28.34375,-10.75,0.0,0.0,0.0,326
327,1695809805927,0.45117188,0.9765625,-0.10449219,7.8125,47.15625,-5.875,0.0,0.0,0.0,327
328,1695809805967,0.6660156,0.9658203,-0.0029296875,42.3125,47.09375,-8.3125,0.0,0.0,0.0,328
329,1695809806007,0.5253906,1.1308594,0.001953125,59.75,2.34375,14.25,0.0,0.0,0.0,329
330,1695809806047,0.41992188,1.0908203,-0.115234375,81.84375,-34.5,24.34375,0.0,0.0,0.0,330
331,1695809806087,0.39648438,1.1542969,-0.02734375,56.9375,-44.21875,6.875,0.0,0.0,0.0,331
332,1695809806127,0.2685547,1.1835938,-0.10839844,53.90625,-37.0625,12.5,0.0,0.0,0.0,332
333,1695809806167,0.2548828,1.1464844,-0.09472656,90.8125,-16.0625,7.0,0.0,0.0,0.0,333
334,1695809806207,0.19433594,0.9482422,-0.119140625,90.40625,-25.46875,-0.5,-16.5,39.0625,-155.625,334
335,1695809806247,0.2734375,0.8486328,-0.14453125,70.6875,-41.40625,-4.78125,0.0,0.0,0.0,335
336,1695809806287,0.3154297,0.76171875,-0.1875,67.3125,-52.28125,-10.9375,0.0,0.0,0.0,336
337,1695809806327,0.14746094,0.66015625,-0.2685547,39.625,-24.875,-10.875,0.0,0.0,0.0,337
338,1695809806367,0.08300781,0.56347656,-0.26660156,3.46875,0.46875,-21.125,0.0,0.0,0.0,338
339,1695809806407,0.16113281,0.59277344,-0.2861328,-27.03125,34.71875,-22.40625,0.0,0.0,0.0,339
340,1695809806447,0.30371094,0.5908203,-0.33398438,-42.59375,57.15625,-21.09375,0.0,0.0,0.0,340
341,1695809806487,0.328125,0.71191406,-0.48828125,-56.21875,56.0625,-15.03125,0.0,0.0,0.0,341
342,1695809806527,0.5390625,1.1181641,-0.49902344,-47.96875,17.1875,-4.46875,0.0,0.0,0.0,342
343,1695809806567,0.4560547,1.1210938,-0.66015625,10.0625,-6.84375,10.125,0.0,0.0,0.0,343
344,1695809806607,0.46484375,0.7392578,-0.59472656,22.59375,-41.53125,28.0625,0.0,0.0,0.0,344
345,1695809806647,-0.026367188,1.4472656,-0.28320312,-27.46875,4.375,35.0625,0.0,0.0,0.0,345
346,1695809806687,-0.022460938,1.2167969,-0.11816406,7.03125,14.75,-12.84375,-19.375,36.1875,-156.375,346
347,1695809806727,0.21289062,0.78222656,-0.040039062,20.9375,44.65625,7.84375,0.0,0.0,0.0,347
348,1695809806767,0.2998047,0.95214844,0.07421875,24.34375,118.5,25.0625,0.0,0.0,0.0,348
349,1695809806807,0.5029297,1.0615234,0.0546875,-13.125,149.03125,24.625,0.0,0.0,0.0,349
350,1695809806847,0.23730469,0.8496094,-0.016601562,-11.65625,99.40625,3.03125,0.0,0.0,0.0,350
351,1695809806887,0.28027344,0.87402344,0.17871094,-7.75,109.90625,6.5,0.0,0.0,0.0,351
352,1695809806927,0.42773438,0.9667969,0.07910156,-16.1875,117.53125,-0.8125,0.0,0.0,0.0,352
353,1695809806967,0.4716797,0.87402344,0.016601562,3.25,117.96875,2.3125,0.0,0.0,0.0,353
354,1695809807007,0.47460938,0.78515625,0.13867188,4.6875,108.9375,-2.65625,0.0,0.0,0.0,354
355,1695809807047,0.5214844,0.84765625,0.080078125,9.53125,98.0,-7.65625,0.0,0.0,0.0,355
356,1695809807087,0.5048828,0.921875,0.037109375,14.59375,87.75,-9.40625,0.0,0.0,0.0,356
357,1695809807127,0.5107422,0.7871094,0.015625,11.78125,73.875,-14.125,0.0,0.0,0.0,357
358,1695809807167,0.49121094,0.84277344,0.016601562,8.90625,69.625,-11.625,0.0,0.0,0.0,358
359,1695809807207,0.48046875,0.9082031,0.07910156,7.375,75.65625,-13.9375,-0.125,35.0,-148.875,359
360,1695809807247,0.45410156,0.8769531,0.12792969,11.15625,79.1875,-12.65625,0.0,0.0,0.0,360
361,1695809807287,0.484375,0.9658203,-0.025390625,28.3125,93.3125,-4.65625,0.0,0.0,0.0,361
362,1695809807327,0.57714844,1.0791016,0.125,44.75,86.46875,12.0625,0.0,0.0,0.0,362
363,1695809807367,0.5810547,1.0146484,0.123046875,88.75,38.90625,21.71875,0.0,0.0,0.0,363
364,1695809807407,0.3623047,1.0146484,-0.03125,126.59375,-3.125,15.96875,0.0,0.0,0.0,364
365,1695809807447,0.2705078,1.2041016,-0.001953125,111.6875,-18.40625,-3.8125,0.0,0.0,0.0,365
366,1695809807487,0.17578125,1.2363281,-0.111328125,107.53125,-4.84375,-13.9375,0.0,0.0,0.0,366
367,1695809807527,0.24414062,1.0800781,-0.0126953125,122.875,21.34375,-27.125,0.0,0.0,0.0,367
368,1695809807567,0.30078125,0.9433594,-0.14355469,96.0,8.71875,-39.3125,0.0,0.0,0.0,368
369,1695809807607,0.2734375,0.8154297,-0.18652344,90.6875,20.78125,-31.8125,0.0,0.0,0.0,369
370,1695809807647,0.29101562,0.6191406,-0.18652344,60.375,39.53125,-32.1875,0.0,0.0,0.0,370
371,1695809807687,0.21777344,0.63671875,-0.23730469,22.65625,28.125,-36.09375,-2.6875,27.1875,-163.375,371
372,1695809807727,0.080078125,0.61621094,-0.24414062,0.0625,39.84375,-40.3125,0.0,0.0,0.0,372
373,1695809807767,0.10644531,0.6845703,-0.4091797,-5.75,80.59375,-33.65625,0.0,0.0,0.0,373
374,1695809807807,0.32128906,0.7236328,-0.4345703,-14.96875,106.96875,-19.3125,0.0,0.0,0.0,374
375,1695809807847,0.5361328,0.8173828,-0.46875,-19.78125,83.71875,-9.1875,0.0,0.0,0.0,375
376,1695809807887,0.5283203,1.0195312,-0.39160156,-6.21875,45.09375,1.9375,0.0,0.0,0.0,376
377,1695809807927,0.36132812,1.0263672,-0.6328125,20.09375,30.0,10.78125,0.0,0.0,0.0,377
378,1695809807967,0.24316406,0.93359375,-0.5488281,21.59375,-0.8125,16.65625,0.0,0.0,0.0,378
379,1695809808007,0.140625,1.5722656,-0.24902344,-13.78125,24.09375,-10.28125,0.0,0.0,0.0,379
380,1695809808047,0.3154297,0.9667969,-0.32128906,20.09375,52.71875,-18.9375,0.0,0.0,0.0,380
381,1695809808087,0.1171875,0.65527344,0.041992188,30.21875,76.34375,19.6875,0.0,0.0,0.0,381
382,1695809808127,0.359375,0.97558594,0.017578125,14.53125,71.15625,-0.375,0.0,0.0,0.0,382
383,1695809808167,0.58496094,1.0566406,-0.06933594,0.90625,109.65625,8.28125,0.0,0.0,0.0,383
384,1695809808207,0.28027344,0.8310547,-0.030273438,-15.1875,92.4375,12.25,6.3125,27.1875,-152.625,384
385,1695809808247,0.34375,0.9042969,-0.036132812,-5.0625,74.875,2.125,0.0,0.0,0.0,385
386,1695809808287,0.39160156,0.9560547,0.08984375,-6.53125,99.40625,4.96875,0.0,0.0,0.0,386
387,1695809808327,0.43945312,0.84375,-0.10644531,-1.28125,92.09375,7.96875,0.0,0.0,0.0,387
388,1695809808367,0.50683594,0.74121094,-0.08203125,6.40625,94.46875,2.0625,0.0,0.0,0.0,388
389,1695809808407,0.6064453,0.7919922,-0.021484375,-6.59375,68.6875,-7.90625,0.0,0.0,0.0,389
390,1695809808447,0.5214844,0.8095703,-0.083984375,-13.78125,44.21875,-13.8125,0.0,0.0,0.0,390
391,1695809808487,0.44726562,0.85253906,-0.12109375,-13.96875,42.28125,-23.09375,0.0,0.0,0.0,391
392,1695809808527,0.5126953,0.78808594,-0.025390625,-17.40625,45.25,-31.875,0.0,0.0,0.0,392
393,1695809808567,0.4873047,0.8964844,0.048828125,-29.90625,39.46875,-29.0625,0.0,0.0,0.0,393
394,1695809808607,0.38476562,0.93847656,0.17578125,-22.71875,46.375,-17.65625,0.0,0.0,0.0,394
395,1695809808647,0.33398438,0.9238281,-0.07714844,-6.28125,63.6875,-16.6875,0.0,0.0,0.0,395
396,1695809808687,0.5986328,1.0009766,0.032226562,31.375,75.1875,-18.9375,8.5625,28.5625,-132.625,396
397,1695809808727,0.6015625,1.2597656,0.15917969,53.90625,36.15625,8.34375,0.0,0.0,0.0,397
398,1695809808767,0.43652344,1.1289062,0.076171875,79.40625,-27.1875,26.59375,0.0,0.0,0.0,398
399,1695809808807,0.25390625,1.0800781,-0.083984375,103.15625,-50.375,16.40625,0.0,0.0,0.0,399
400,1695809808847,0.26171875,1.1621094,-0.083984375,105.78125,-25.28125,0.53125,0.0,0.0,0.0,400
401,1695809808887,0.25683594,1.0009766,-0.11230469,120.78125,-11.3125,-6.0,0.0,0.0,0.0,401
402,1695809808927,0.34765625,0.8779297,-0.072265625,102.46875,-23.28125,-15.65625,0.0,0.0,0.0,402
403,1695809808967,0.24609375,0.8535156,-0.2109375,77.34375,-33.15625,-19.25,0.0,0.0,0.0,403
404,1695809809007,0.22265625,0.82128906,-0.30566406,52.1875,-9.4375,-11.0,0.0,0.0,0.0,404
405,1695809809047,0.26660156,0.6845703,-0.23046875,32.34375,-2.59375,-4.15625,0.0,0.0,0.0,405
406,1695809809087,0.15234375,0.6435547,-0.3173828,-0.78125,-2.71875,-9.71875,0.0,0.0,0.0,406
407,1695809809127,0.19921875,0.6425781,-0.29882812,-18.0,13.78125,-13.15625,0.0,0.0,0.0,407
408,1695809809167,0.24316406,0.6035156,-0.32714844,-31.875,42.21875,-5.46875,0.0,0.0,0.0,408
409,1695809809207,0.38085938,0.69921875,-0.43164062,-51.28125,47.40625,-3.5,7.8125,27.5,-147.1875,409
410,1695809809247,0.5019531,0.96777344,-0.5371094,-53.53125,12.5,-5.34375,0.0,0.0,0.0,410
411,1695809809287,0.44140625,1.1552734,-0.5019531,-6.46875,-22.1875,3.21875,0.0,0.0,0.0,411
412,1695809809327,0.42382812,0.9033203,-0.6611328,5.4375,-42.1875,11.6875,0.0,0.0,0.0,412
413,1695809809367,0.30078125,1.1787109,-0.46289062,-20.03125,-36.21875,22.0625,0.0,0.0,0.0,413
414,1695809809407,0.08496094,1.3007812,0.022460938,-2.25,33.0625,-0.5625,0.0,0.0,0.0,414
415,1695809809447,0.14355469,0.82910156,-0.03515625,10.5,42.40625,13.84375,0.0,0.0,0.0,415
416,1695809809487,0.18847656,0.8183594,-0.028320312,22.65625,49.40625,3.53125,0.0,0.0,0.0,416
417,1695809809527,0.6142578,1.1826172,0.048828125,2.6875,95.0,3.8125,0.0,0.0,0.0,417
418,1695809809567,0.42773438,0.953125,-0.14746094,-30.875,87.125,14.5625,0.0,0.0,0.0,418
419,1695809809607,0.29003906,0.7763672,0.0009765625,-30.59375,46.125,0.34375,0.0,0.0,0.0,419
420,1695809809647,0.42382812,0.9238281,0.10058594,-33.875,73.15625,5.53125,0.0,0.0,0.0,420
421,1695809809687,0.39257812,0.8886719,-0.06738281,-23.5,72.1875,0.03125,12.75,26.75,-135.375,421
422,1695809809727,0.45898438,0.7705078,-0.00390625,-11.34375,65.15625,-3.4375,0.0,0.0,0.0,422
423,1695809809767,0.48828125,0.7421875,0.0029296875,-12.375,53.25,-7.28125,0.0,0.0,0.0,423
424,1695809809807,0.5019531,0.8076172,-0.051757812,-22.34375,37.09375,-14.65625,0.0,0.0,0.0,424
425,1695809809847,0.4970703,0.8388672,-0.072265625,-22.65625,24.5,-25.65625,0.0,0.0,0.0,425
426,1695809809887,0.51171875,0.8671875,-0.001953125,-28.625,24.40625,-32.90625,0.0,0.0,0.0,426
427,1695809809927,0.4609375,0.9042969,0.09277344,-33.5,21.65625,-32.5,0.0,0.0,0.0,427
428,1695809809967,0.39453125,0.890625,0.028320312,-33.25,21.28125,-23.40625,0.0,0.0,0.0,428
429,1695809810007,0.39160156,0.9716797,-0.07324219,-17.9375,48.75,-17.1875,0.0,0.0,0.0,429
430,1695809810047,0.6933594,1.0673828,0.0859375,2.75,40.5,-22.375,0.0,0.0,0.0,430
431,1695809810087,0.5830078,1.2207031,0.27734375,39.625,-0.28125,-3.1875,0.0,0.0,0.0,431
432,1695809810127,0.23925781,1.0800781,0.0546875,73.78125,-48.90625,20.96875,0.0,0.0,0.0,432
433,1695809810167,0.296875,1.0898438,-0.10058594,92.46875,-62.21875,15.71875,0.0,0.0,0.0,433
434,1695809810207,0.2919922,1.0742188,0.013671875,93.875,-72.65625,15.96875,5.5625,29.5625,-130.5625,434
435,1695809810247,0.14941406,1.1591797,-0.032226562,104.96875,-57.03125,11.75,0.0,0.0,0.0,435
436,1695809810287,0.20996094,1.0253906,-0.078125,102.21875,-38.65625,-2.28125,0.0,0.0,0.0,436
437,1695809810327,0.27441406,0.8613281,-0.15429688,87.28125,-37.25,-1.3125,0.0,0.0,0.0,437
438,1695809810367,0.29492188,0.7910156,-0.2265625,62.1875,-36.09375,7.71875,0.0,0.0,0.0,438
439,1695809810407,0.12792969,0.7285156,-0.23925781,35.46875,-29.625,10.0,0.0,0.0,0.0,439
440,1695809810447,0.15429688,0.5839844,-0.27539062,-9.78125,-16.25,-1.25,0.0,0.0,0.0,440
441,1695809810487,0.21777344,0.52734375,-0.2939453,-28.375,1.3125,-13.875,0.0,0.0,0.0,441
442,1695809810527,0.27441406,0.5390625,-0.38183594,-49.9375,18.34375,-11.125,0.0,0.0,0.0,442
443,1695809810567,0.36328125,0.8076172,-0.5136719,-64.28125,15.84375,-8.8125,0.0,0.0,0.0,443
444,1695809810607,0.5058594,1.1357422,-0.5058594,-26.0,-13.03125,2.90625,0.0,0.0,0.0,444
445,1695809810647,0.46972656,0.8955078,-0.5654297,1.15625,-37.9375,9.5,0.0,0.0,0.0,445
446,1695809810687,0.23535156,1.1494141,-0.55566406,-11.28125,-40.125,35.125,8.25,29.75,-142.375,446
447,1695809810727,0.07421875,1.7578125,-0.06347656,-25.21875,23.0,9.0625,0.0,0.0,0.0,447
448,1695809810767,0.2685547,0.76660156,-0.2548828,22.28125,10.0,7.90625,0.0,0.0,0.0,448
449,1695809810807,-0.0390625,0.5625,0.12695312,15.625,66.9375,10.59375,0.0,0.0,0.0,449
450,1695809810847,0.6123047,1.2802734,0.10546875,2.625,59.5,-18.09375,0.0,0.0,0.0,450
451,1695809810887,0.45214844,0.91796875,-0.20703125,-24.40625,78.96875,5.09375,0.0,0.0,0.0,451
452,1695809810927,0.3544922,0.72265625,-0.076171875,-27.71875,37.6875,3.9375,0.0,0.0,0.0,452
453,1695809810967,0.40039062,0.90625,0.0009765625,-36.125,42.46875,8.40625,0.0,0.0,0.0,453
454,1695809811007,0.43359375,0.9033203,-0.022460938,-53.59375,36.78125,7.0,0.0,0.0,0.0,454
455,1695809811047,0.39257812,0.80078125,-0.1171875,-44.4375,32.5625,0.40625,0.0,0.0,0.0,455
456,1695809811087,0.4013672,0.7792969,-0.033203125,-32.84375,34.8125,-10.59375,0.0,0.0,0.0,456
457,1695809811127,0.4716797,0.8144531,-0.033203125,-35.78125,24.9375,-18.03125,0.0,0.0,0.0,457
458,1695809811167,0.46289062,0.84277344,-0.049804688,-32.96875,15.71875,-25.34375,0.0,0.0,0.0,458
459,1695809811207,0.484375,0.86328125,-0.076171875,-26.71875,26.59375,-28.78125,7.375,27.5,-126.8125,459
460,1695809811247,0.49609375,0.8388672,-0.0048828125,-27.84375,25.125,-24.0,0.0,0.0,0.0,460
461,1695809811287,0.515625,0.86035156,0.064453125,-32.59375,11.625,-13.5,0.0,0.0,0.0,461
462,1695809811327,0.43359375,1.0263672,-0.03515625,-19.03125,18.65625,-3.8125,0.0,0.0,0.0,462
463,1695809811367,0.66308594,1.0791016,0.109375,4.09375,6.15625,-1.78125,0.0,0.0,0.0,463
464,1695809811407,0.6328125,1.25,0.18359375,36.0,-39.75,10.34375,0.0,0.0,0.0,464
465,1695809811447,0.16308594,1.1269531,0.03515625,62.75,-80.53125,18.21875,0.0,0.0,0.0,465
466,1695809811487,0.22167969,1.1171875,-0.036132812,79.84375,-62.53125,12.1875,0.0,0.0,0.0,466
467,1695809811527,0.26660156,1.1298828,-0.03515625,80.875,-50.4375,17.75,0.0,0.0,0.0,467
468,1695809811567,0.21289062,1.0878906,-0.043945312,93.875,-54.34375,10.34375,0.0,0.0,0.0,468
469,1695809811607,0.22753906,0.9404297,-0.046875,86.0,-44.15625,-8.9375,0.0,0.0,0.0,469
470,1695809811647,0.27246094,0.83691406,-0.15917969,63.0,-45.8125,-5.75,0.0,0.0,0.0,470
471,1695809811687,0.3203125,0.7519531,-0.21679688,48.53125,-48.53125,3.6875,8.5625,30.0625,-144.0625,471
472,1695809811727,0.15917969,0.7138672,-0.22070312,17.53125,-47.03125,0.59375,0.0,0.0,0.0,472
473,1695809811767,0.1328125,0.65527344,-0.27929688,-18.375,-27.0,-7.03125,0.0,0.0,0.0,473
474,1695809811807,0.21972656,0.63964844,-0.30273438,-25.28125,-2.34375,-12.90625,0.0,0.0,0.0,474
475,1695809811847,0.27148438,0.64941406,-0.36035156,-32.59375,13.28125,-10.03125,0.0,0.0,0.0,475
476,1695809811887,0.375,0.72265625,-0.4951172,-40.84375,20.125,0.96875,0.0,0.0,0.0,476
477,1695809811927,0.42285156,1.0332031,-0.49414062,-27.78125,9.1875,7.84375,0.0,0.0,0.0,477
478,1695809811967,0.359375,1.0292969,-0.52441406,-0.71875,-12.59375,9.3125,0.0,0.0,0.0,478
479,1695809812007,0.37304688,0.8046875,-0.5830078,9.46875,-39.03125,14.8125,0.0,0.0,0.0,479
480,1695809812047,0.15234375,1.1914062,-0.5029297,-29.0,-11.5625,24.8125,0.0,0.0,0.0,480
481,1695809812087,0.45410156,1.4453125,-0.14257812,-15.875,21.46875,6.6875,0.0,0.0,0.0,481
482,1695809812127,0.15234375,0.7421875,-0.048828125,1.28125,33.59375,22.875,0.0,0.0,0.0,482
483,1695809812167,0.00390625,0.6621094,-0.041992188,6.71875,19.375,-6.5625,0.0,0.0,0.0,483
484,1695809812207,0.65527344,1.2421875,0.12011719,0.25,63.09375,-1.90625,6.125,27.9375,-140.75,484
485,1695809812247,0.3857422,0.96875,-0.16308594,-26.375,83.46875,21.65625,0.0,0.0,0.0,485
486,1695809812287,0.30371094,0.78027344,-0.125,-30.75,34.875,6.5,0.0,0.0,0.0,486
487,1695809812327,0.42578125,0.88671875,0.095703125,-30.34375,54.3125,5.15625,0.0,0.0,0.0,487
488,1695809812367,0.39648438,0.88964844,-0.047851562,-58.34375,44.90625,-0.8125,0.0,0.0,0.0,488
489,1695809812407,0.34765625,0.8408203,-0.11230469,-43.53125,46.125,-6.75,0.0,0.0,0.0,489
490,1695809812447,0.37402344,0.78222656,-0.0009765625,-31.125,48.0625,-12.65625,0.0,0.0,0.0,490
491,1695809812487,0.5048828,0.82714844,-0.001953125,-32.78125,30.625,-19.0625,0.0,0.0,0.0,491
492,1695809812527,0.45898438,0.8535156,-0.048828125,-27.34375,25.3125,-22.40625,0.0,0.0,0.0,492
493,1695809812567,0.5107422,0.89160156,-0.01171875,-30.09375,25.125,-28.59375,0.0,0.0,0.0,493
494,1695809812607,0.47460938,0.86035156,0.034179688,-29.25,33.375,-25.15625,0.0,0.0,0.0,494
495,1695809812647,0.49121094,0.9394531,0.11230469,-25.9375,28.3125,-14.1875,0.0,0.0,0.0,495
496,1695809812687,0.50390625,0.9121094,0.033203125,-6.65625,23.78125,-9.84375,5.25,28.8125,-124.25,496
497,1695809812727,0.63378906,1.0498047,0.053710938,15.0625,11.875,0.21875,0.0,0.0,0.0,497
498,1695809812767,0.49414062,1.1591797,0.11425781,42.125,-24.5625,11.21875,0.0,0.0,0.0,498
499,1695809812807,0.22460938,0.98828125,0.0029296875,67.9375,-61.4375,5.78125,0.0,0.0,0.0,499
500,1695809812847,0.30371094,1.1435547,0.037109375,85.21875,-68.3125,8.34375,0.0,0.0,0.0,500
501,1695809812887,0.2783203,1.1845703,-0.123046875,80.375,-59.40625,15.78125,0.0,0.0,0.0,501
502,1695809812927,0.19335938,1.1503906,-0.07519531,108.9375,-35.84375,15.65625,0.0,0.0,0.0,502
503,1695809812967,0.24707031,1.0244141,-0.19238281,93.375,-21.75,-4.59375,0.0,0.0,0.0,503
504,1695809813007,0.32617188,0.89160156,-0.19042969,76.78125,-50.875,-4.65625,0.0,0.0,0.0,504
505,1695809813047,0.3466797,0.734375,-0.21679688,56.46875,-57.6875,7.5625,0.0,0.0,0.0,505
506,1695809813087,0.22753906,0.5996094,-0.26953125,14.09375,-53.0,7.4375,0.0,0.0,0.0,506
507,1695809813127,0.0859375,0.55078125,-0.26953125,-12.625,-36.78125,-1.84375,0.0,0.0,0.0,507
508,1695809813167,0.11621094,0.5703125,-0.30566406,-32.53125,-6.5625,-7.34375,0.0,0.0,0.0,508
509,1695809813207,0.24609375,0.5605469,-0.37695312,-53.34375,27.625,-8.5625,7.1875,30.1875,-147.375,509
510,1695809813247,0.36035156,0.82910156,-0.5449219,-76.59375,22.1875,-11.125,0.0,0.0,0.0,510
511,1695809813287,0.54589844,1.1630859,-0.5546875,-30.8125,-29.5625,3.875,0.0,0.0,0.0,511
512,1695809813327,0.4248047,0.9794922,-0.63964844,4.875,-45.96875,14.8125,0.0,0.0,0.0,512
513,1695809813367,0.29101562,0.8027344,-0.4892578,-12.09375,-41.84375,37.6875,0.0,0.0,0.0,513
514,1695809813407,0.2421875,1.5390625,-0.21386719,-33.625,-21.8125,19.9375,0.0,0.0,0.0,514
515,1695809813447,0.078125,1.0986328,-0.16113281,-8.4375,12.71875,6.5,0.0,0.0,0.0,515
516,1695809813487,0.18164062,0.8613281,-0.047851562,5.25,23.53125,9.5625,0.0,0.0,0.0,516
517,1695809813527,0.3701172,0.9658203,0.123046875,13.0,74.4375,9.0,0.0,0.0,0.0,517
518,1695809813567,0.46679688,1.046875,-0.052734375,-25.28125,97.3125,18.03125,0.0,0.0,0.0,518
519,1695809813607,0.3017578,0.7636719,-0.0546875,-31.25,64.0,20.25,0.0,0.0,0.0,519
520,1695809813647,0.35546875,0.81347656,0.13671875,-29.0,46.125,8.03125,0.0,0.0,0.0,520
521,1695809813687,0.328125,0.9394531,-0.022460938,-45.34375,54.84375,2.65625,12.3125,27.9375,-134.4375,521
522,1695809813727,0.43164062,0.8408203,-0.049804688,-26.25,57.03125,-2.78125,0.0,0.0,0.0,522
523,1695809813767,0.48339844,0.7792969,0.033203125,-21.0625,52.34375,-5.875,0.0,0.0,0.0,523
524,1695809813807,0.4921875,0.81640625,-0.043945312,-26.90625,35.75,-16.9375,0.0,0.0,0.0,524
525,1695809813847,0.45898438,0.8339844,-0.044921875,-26.96875,34.65625,-25.96875,0.0,0.0,0.0,525
526,1695809813887,0.52734375,0.8095703,-0.04296875,-31.96875,34.15625,-36.15625,0.0,0.0,0.0,526
527,1695809813927,0.4873047,0.8876953,0.001953125,-45.40625,25.84375,-35.125,0.0,0.0,0.0,527
528,1695809813967,0.3671875,0.95703125,0.028320312,-34.78125,23.65625,-21.09375,0.0,0.0,0.0,528
529,1695809814007,0.3701172,0.9326172,-0.08886719,-7.4375,33.65625,-12.03125,0.0,0.0,0.0,529
530,1695809814047,0.72558594,1.046875,0.087890625,24.96875,24.75,-13.15625,0.0,0.0,0.0,530
531,1695809814087,0.5175781,1.1044922,0.2109375,50.125,-34.09375,7.4375,0.0,0.0,0.0,531
532,1695809814127,0.24609375,1.2011719,-0.017578125,71.71875,-73.4375,29.53125,0.0,0.0,0.0,532
533,1695809814167,0.39453125,1.1318359,-0.005859375,86.25,-59.34375,16.46875,0.0,0.0,0.0,533
534,1695809814207,0.23632812,1.1328125,-0.07910156,90.40625,-46.59375,22.0625,6.875,30.9375,-130.375,534
535,1695809814247,0.2626953,1.0996094,-0.06738281,112.90625,-31.53125,19.28125,0.0,0.0,0.0,535
536,1695809814287,0.36328125,0.9394531,-0.0859375,98.3125,-55.75,1.8125,0.0,0.0,0.0,536
537,1695809814327,0.3251953,0.8564453,-0.17773438,67.5625,-64.96875,-3.25,0.0,0.0,0.0,537
538,1695809814367,0.31347656,0.68359375,-0.2109375,41.8125,-80.40625,-0.21875,0.0,0.0,0.0,538
539,1695809814407,0.15039062,0.6347656,-0.2841797,7.25,-73.5,-4.0625,0.0,0.0,0.0,539
540,1695809814447,0.033203125,0.60839844,-0.25,-25.28125,-42.1875,-5.875,0.0,0.0,0.0,540
541,1695809814487,0.09375,0.5283203,-0.24121094,-54.0625,-0.75,-12.09375,0.0,0.0,0.0,541
542,1695809814527,0.26367188,0.578125,-0.3232422,-73.5,21.09375,-11.375,0.0,0.0,0.0,542
543,1695809814567,0.3173828,1.0478516,-0.50878906,-73.0,19.3125,-9.78125,0.0,0.0,0.0,543
544,1695809814607,0.33984375,1.3779297,-0.46972656,-15.625,-18.5625,-0.875,0.0,0.0,0.0,544
545,1695809814647,0.39648438,0.875,-0.640625,32.65625,-35.3125,3.8125,0.0,0.0,0.0,545
546,1695809814687,0.33789062,1.1074219,-0.39746094,-2.1875,5.71875,35.5625,3.875,31.8125,-141.1875,546
547,1695809814727,0.1015625,1.4287109,-0.20898438,4.53125,53.125,13.84375,0.0,0.0,0.0,547
548,1695809814767,0.35351562,0.7919922,-0.0126953125,13.0625,55.21875,20.4375,0.0,0.0,0.0,548
549,1695809814807,0.15332031,0.70214844,0.033203125,7.3125,52.65625,-0.8125,0.0,0.0,0.0,549
550,1695809814847,0.67578125,1.1865234,-0.052734375,-5.875,63.625,-4.90625,0.0,0.0,0.0,550
551,1695809814887,0.484375,0.81640625,-0.2109375,-45.84375,53.25,28.40625,0.0,0.0,0.0,551
552,1695809814927,0.34277344,0.8339844,-0.009765625,-41.9375,9.5,14.875,0.0,0.0,0.0,552
553,1695809814967,0.3330078,0.8652344,0.030273438,-62.5625,18.53125,13.40625,0.0,0.0,0.0,553
554,1695809815007,0.2890625,0.8964844,-0.080078125,-49.6875,29.53125,7.1875,0.0,0.0,0.0,554
555,1695809815047,0.37109375,0.81347656,0.0048828125,-40.46875,36.78125,-1.375,0.0,0.0,0.0,555
556,1695809815087,0.38964844,0.734375,-0.017578125,-37.15625,34.65625,-16.8125,0.0,0.0,0.0,556
557,1695809815127,0.4501953,0.8564453,-0.013671875,-45.78125,31.84375,-29.875,0.0,0.0,0.0,557
558,1695809815167,0.44433594,0.79296875,-0.07714844,-37.0625,34.28125,-43.84375,0.0,0.0,0.0,558
559,1695809815207,0.49804688,0.89160156,0.001953125,-39.0,32.09375,-43.0,6.3125,28.8125,-125.75,559
560,1695809815247,0.45117188,0.9580078,0.05859375,-17.46875,26.53125,-21.375,0.0,0.0,0.0,560
561,1695809815287,0.6455078,1.0400391,-0.06640625,12.15625,24.9375,-1.4375,0.0,0.0,0.0,561
562,1695809815327,0.7363281,1.0966797,0.07714844,43.21875,-20.78125,8.40625,0.0,0.0,0.0,562
563,1695809815367,0.34375,1.1318359,0.13867188,65.6875,-85.09375,27.875,0.0,0.0,0.0,563
564,1695809815407,0.43652344,1.1904297,0.083984375,84.09375,-85.71875,27.1875,0.0,0.0,0.0,564
565,1695809815447,0.25195312,1.3085938,-0.049804688,88.5,-83.28125,24.03125,0.0,0.0,0.0,565
566,1695809815487,0.076171875,1.1425781,-0.109375,126.53125,-31.09375,27.625,0.0,0.0,0.0,566
567,1695809815527,0.31933594,0.8798828,-0.11425781,114.75,-25.90625,16.59375,0.0,0.0,0.0,567
568,1695809815567,0.44921875,0.82714844,-0.13378906,78.78125,-72.34375,10.59375,0.0,0.0,0.0,568
569,1695809815607,0.22851562,0.74902344,-0.21386719,45.09375,-80.28125,11.75,0.0,0.0,0.0,569
570,1695809815647,0.25390625,0.640625,-0.31835938,8.375,-60.375,9.25,0.0,0.0,0.0,570
571,1695809815687,0.0703125,0.53515625,-0.25585938,-19.03125,-25.78125,4.0625,6.75,28.8125,-148.125,571
572,1695809815727,0.08300781,0.5253906,-0.28027344,-44.375,-21.15625,-11.3125,0.0,0.0,0.0,572
573,1695809815767,0.24707031,0.55078125,-0.36621094,-71.59375,8.21875,-17.40625,0.0,0.0,0.0,573
574,1695809815807,0.41503906,0.8769531,-0.4716797,-69.75,23.84375,-14.375,0.0,0.0,0.0,574
575,1695809815847,0.44433594,1.234375,-0.4765625,-32.96875,-11.8125,2.59375,0.0,0.0,0.0,575
576,1695809815887,0.5019531,0.91308594,-0.6669922,8.0625,-30.65625,7.375,0.0,0.0,0.0,576
577,1695809815927,0.21972656,0.6484375,-0.39746094,-10.4375,-25.90625,27.75,0.0,0.0,0.0,577
578,1695809815967,0.10253906,1.0917969,-0.39453125,-54.5625,11.625,13.34375,0.0,0.0,0.0,578
579,1695809816007,0.5644531,1.59375,-0.13671875,-14.71875,24.34375,14.8125,0.0,0.0,0.0,579
580,1695809816047,0.041015625,0.88183594,0.02734375,-11.34375,51.4375,21.28125,0.0,0.0,0.0,580
581,1695809816087,0.171875,0.79589844,-0.080078125,25.15625,38.78125,-14.71875,0.0,0.0,0.0,581
582,1695809816127,0.6328125,1.1513672,0.080078125,-2.625,79.125,-0.6875,0.0,0.0,0.0,582
583,1695809816167,0.39160156,0.8222656,-0.030273438,-47.59375,72.5625,23.40625,0.0,0.0,0.0,583
584,1695809816207,0.33398438,0.8515625,-0.06738281,-32.53125,31.40625,8.03125,11.875,27.625,-136.25,584
585,1695809816247,0.3408203,0.8261719,0.033203125,-40.59375,43.0625,3.75,0.0,0.0,0.0,585
586,1695809816287,0.40429688,0.89941406,-0.09082031,-33.875,48.875,-3.0,0.0,0.0,0.0,586
587,1695809816327,0.44335938,0.7871094,-0.01171875,-23.0,39.78125,-4.53125,0.0,0.0,0.0,587
588,1695809816367,0.4560547,0.7529297,-0.0087890625,-20.4375,25.84375,-8.03125,0.0,0.0,0.0,588
589,1695809816407,0.50878906,0.8046875,-0.06738281,-26.90625,14.9375,-16.125,0.0,0.0,0.0,589
590,1695809816447,0.421875,0.921875,-0.052734375,-28.3125,17.5625,-26.375,0.0,0.0,0.0,590
591,1695809816487,0.47070312,0.890625,-0.016601562,-24.84375,26.71875,-30.71875,0.0,0.0,0.0,591
592,1695809816527,0.51464844,0.9003906,0.037109375,-30.6875,30.6875,-25.28125,0.0,0.0,0.0,592
593,1695809816567,0.4970703,0.9316406,0.0009765625,-18.4375,25.6875,-12.71875,0.0,0.0,0.0,593
594,1695809816607,0.59375,0.9814453,-0.022460938,2.9375,32.9375,-11.625,0.0,0.0,0.0,594
595,1695809816647,0.7001953,1.0097656,0.072265625,21.53125,-3.4375,0.46875,0.0,0.0,0.0,595
596,1695809816687,0.4326172,1.1279297,0.125,44.1875,-64.59375,13.96875,4.9375,28.5625,-125.0,596
597,1695809816727,0.23828125,1.1396484,-0.032226562,75.5625,-73.6875,20.78125,0.0,0.0,0.0,597
598,1695809816767,0.2939453,1.1816406,-0.041992188,85.75,-59.09375,16.59375,0.0,0.0,0.0,598
599,1695809816807,0.20996094,1.0683594,-0.08691406,106.03125,-42.9375,24.40625,0.0,0.0,0.0,599
600,1695809816847,0.3017578,0.94628906,-0.12988281,103.6875,-45.25,15.0625,0.0,0.0,0.0,600
601,1695809816887,0.3408203,0.9169922,-0.19628906,77.34375,-58.125,7.90625,0.0,0.0,0.0,601
602,1695809816927,0.3486328,0.8544922,-0.22558594,61.53125,-78.09375,10.53125,0.0,0.0,0.0,602
603,1695809816967,0.28125,0.7216797,-0.26757812,34.4375,-66.96875,8.40625,0.0,0.0,0.0,603
604,1695809817007,0.17382812,0.64160156,-0.2939453,11.90625,-45.125,0.90625,0.0,0.0,0.0,604
605,1695809817047,0.103515625,0.5703125,-0.27734375,-22.9375,-14.78125,-7.65625,0.0,0.0,0.0,605
606,1695809817087,0.18261719,0.53222656,-0.29492188,-41.3125,14.625,-11.1875,0.0,0.0,0.0,606
607,1695809817127,0.33496094,0.5996094,-0.38085938,-63.90625,23.90625,-14.65625,0.0,0.0,0.0,607
608,1695809817167,0.3642578,1.0390625,-0.5878906,-73.5,19.1875,-10.03125,0.0,0.0,0.0,608
609,1695809817207,0.44726562,1.2402344,-0.5126953,-3.1875,-10.8125,-3.25,6.4375,28.375,-143.4375,609
610,1695809817247,0.63964844,0.7841797,-0.63183594,12.5,-50.6875,6.5625,0.0,0.0,0.0,610
611,1695809817287,0.115234375,0.70410156,-0.3359375,-22.59375,-30.40625,22.625,0.0,0.0,0.0,611
612,1695809817327,0.099609375,1.2548828,-0.4375,-43.875,-13.9375,4.6875,0.0,0.0,0.0,612
613,1695809817367,0.40527344,1.4697266,-0.21289062,-15.1875,11.03125,5.59375,0.0,0.0,0.0,613
614,1695809817407,-0.029296875,0.8261719,0.0546875,-0.3125,58.875,12.96875,0.0,0.0,0.0,614
615,1695809817447,0.22363281,0.7128906,-0.036132812,9.59375,32.875,-11.4375,0.0,0.0,0.0,615
616,1695809817487,0.6875,1.0566406,0.01171875,-24.90625,68.46875,9.375,0.0,0.0,0.0,616
617,1695809817527,0.33203125,0.9355469,-0.115234375,-36.75,59.5,22.9375,0.0,0.0,0.0,617
618,1695809817567,0.25878906,0.8720703,-0.123046875,-31.0625,35.5625,10.21875,0.0,0.0,0.0,618
619,1695809817607,0.35546875,0.8359375,0.03515625,-37.0625,70.21875,9.4375,0.0,0.0,0.0,619
620,1695809817647,0.45214844,0.8955078,-0.015625,-47.59375,58.15625,-0.4375,0.0,0.0,0.0,620
621,1695809817687,0.40039062,0.8173828,-0.078125,-43.875,52.15625,-9.1875,8.125,27.8125,-132.9375,621
622,1695809817727,0.421875,0.7734375,-0.037109375,-31.6875,54.59375,-18.875,0.0,0.0,0.0,622
623,1695809817767,0.48828125,0.78027344,-0.0078125,-23.5,42.9375,-24.875,0.0,0.0,0.0,623
624,1695809817807,0.55371094,0.8183594,-0.07910156,-18.5625,28.3125,-24.375,0.0,0.0,0.0,624
625,1695809817847,0.54003906,0.90234375,-0.08496094,-20.625,25.25,-21.625,0.0,0.0,0.0,625
626,1695809817887,0.46289062,0.8339844,0.11816406,-20.5625,14.6875,-12.21875,0.0,0.0,0.0,626
627,1695809817927,0.3984375,1.0078125,0.0009765625,-8.65625,7.53125,2.1875,0.0,0.0,0.0,627
628,1695809817967,0.55859375,1.1767578,-0.0048828125,26.5625,25.71875,6.4375,0.0,0.0,0.0,628
629,1695809818007,0.7626953,1.0566406,0.056640625,46.8125,-17.96875,19.3125,0.0,0.0,0.0,629
630,1695809818047,0.2890625,1.1210938,-0.0126953125,80.03125,-61.53125,25.1875,0.0,0.0,0.0,630
631,1695809818087,0.3408203,1.1279297,-0.07519531,88.3125,-71.9375,9.4375,0.0,0.0,0.0,631
632,1695809818127,0.3642578,1.1074219,-0.08203125,91.6875,-57.09375,12.0,0.0,0.0,0.0,632
633,1695809818167,0.2919922,1.0458984,-0.14648438,100.34375,-56.71875,11.9375,0.0,0.0,0.0,633
634,1695809818207,0.30371094,0.9609375,-0.171875,78.375,-58.5,-3.5625,7.0625,28.8125,-140.125,634
635,1695809818247,0.2861328,0.8203125,-0.2607422,61.59375,-51.21875,-0.625,0.0,0.0,0.0,635
636,1695809818287,0.3203125,0.7705078,-0.28320312,39.6875,-45.0625,6.03125,0.0,0.0,0.0,636
637,1695809818327,0.21972656,0.66796875,-0.18652344,10.9375,-50.3125,4.8125,0.0,0.0,0.0,637
638,1695809818367,0.0703125,0.5253906,-0.2607422,-23.1875,-38.28125,-3.25,0.0,0.0,0.0,638
639,1695809818407,0.14746094,0.55859375,-0.29492188,-42.3125,1.1875,-9.0625,0.0,0.0,0.0,639
640,1695809818447,0.26464844,0.6152344,-0.36621094,-63.78125,28.96875,-11.1875,0.0,0.0,0.0,640
641,1695809818487,0.41210938,0.93652344,-0.60058594,-78.5625,18.09375,-14.25,0.0,0.0,0.0,641
642,1695809818527,0.5175781,1.1386719,-0.46875,-13.5,-21.09375,3.34375,0.0,0.0,0.0,642
643,1695809818567,0.5136719,0.8027344,-0.6376953,6.84375,-36.9375,15.78125,0.0,0.0,0.0,643
644,1695809818607,0.23242188,0.9033203,-0.4140625,-28.25,-24.5625,39.84375,0.0,0.0,0.0,644
645,1695809818647,0.17675781,1.5712891,-0.087890625,-28.8125,-11.75,15.125,0.0,0.0,0.0,645
646,1695809818687,0.2919922,1.109375,-0.009765625,4.9375,8.46875,5.53125,5.125,27.625,-139.6875,646
647,1695809818727,0.14160156,0.83496094,0.001953125,-2.75,26.78125,6.09375,0.0,0.0,0.0,647
648,1695809818767,0.46289062,1.1074219,0.087890625,-25.5,71.375,7.90625,0.0,0.0,0.0,648
649,1695809818807,0.28808594,0.9316406,-0.04296875,-49.5625,92.1875,19.375,0.0,0.0,0.0,649
650,1695809818847,0.3017578,0.8125,-0.0068359375,-36.125,70.84375,2.65625,0.0,0.0,0.0,650
651,1695809818887,0.3642578,0.7832031,0.057617188,-30.34375,67.46875,3.15625,0.0,0.0,0.0,651
652,1695809818927,0.4765625,0.8964844,-0.07128906,-17.15625,73.53125,1.375,0.0,0.0,0.0,652
653,1695809818967,0.5058594,0.80371094,-0.052734375,-13.84375,53.03125,-2.65625,0.0,0.0,0.0,653
654,1695809819007,0.4970703,0.7792969,0.01171875,-22.46875,36.90625,-10.8125,0.0,0.0,0.0,654
655,1695809819047,0.47265625,0.83496094,-0.0078125,-30.9375,27.375,-25.28125,0.0,0.0,0.0,655
656,1695809819087,0.42578125,0.86328125,-0.059570312,-38.34375,18.34375,-34.375,0.0,0.0,0.0,656
657,1695809819127,0.45410156,0.89941406,-0.00390625,-42.1875,20.96875,-33.34375,0.0,0.0,0.0,657
658,1695809819167,0.48828125,0.86816406,0.15332031,-28.5625,21.15625,-19.4375,0.0,0.0,0.0,658
659,1695809819207,0.3623047,1.0175781,-0.03125,-11.40625,20.5,6.5625,4.0625,29.125,-123.5,659
660,1695809819247,0.5810547,0.99902344,0.061523438,28.5,37.8125,11.625,0.0,0.0,0.0,660
661,1695809819287,0.65527344,1.0332031,0.041015625,52.96875,-4.46875,22.625,0.0,0.0,0.0,661
662,1695809819327,0.40527344,1.1367188,0.036132812,81.0,-59.96875,18.71875,0.0,0.0,0.0,662
663,1695809819367,0.3203125,1.1904297,-0.1171875,94.46875,-64.46875,13.53125,0.0,0.0,0.0,663
664,1695809819407,0.3408203,1.1679688,-0.05078125,91.25,-42.0625,5.03125,0.0,0.0,0.0,664
665,1695809819447,0.2578125,1.0107422,-0.0703125,93.875,-32.5,12.78125,0.0,0.0,0.0,665
666,1695809819487,0.24414062,0.9423828,-0.111328125,82.21875,-54.65625,-6.0625,0.0,0.0,0.0,666
667,1695809819527,0.26660156,0.8095703,-0.20507812,57.5,-50.9375,-10.03125,0.0,0.0,0.0,667
668,1695809819567,0.3828125,0.76464844,-0.2626953,46.875,-50.4375,-2.40625,0.0,0.0,0.0,668
669,1695809819607,0.24804688,0.70703125,-0.20800781,18.6875,-48.375,2.53125,0.0,0.0,0.0,669
670,1695809819647,0.03515625,0.64160156,-0.27734375,-14.46875,-41.46875,-6.0,0.0,0.0,0.0,670
671,1695809819687,0.15332031,0.64941406,-0.2998047,-32.46875,-10.09375,-13.4375,5.5625,30.0625,-145.125,671
672,1695809819727,0.16699219,0.63183594,-0.359375,-26.5,31.21875,-4.46875,0.0,0.0,0.0,672
673,1695809819767,0.3388672,0.7675781,-0.45214844,-51.9375,48.3125,-5.28125,0.0,0.0,0.0,673
674,1695809819807,0.49804688,0.9863281,-0.5839844,-70.3125,10.90625,-5.9375,0.0,0.0,0.0,674
675,1695809819847,0.41210938,1.0800781,-0.4765625,3.71875,-19.625,6.75,0.0,0.0,0.0,675
676,1695809819887,0.4345703,0.80859375,-0.6171875,5.5,-35.0,11.34375,0.0,0.0,0.0,676
677,1695809819927,0.16992188,0.8466797,-0.3544922,-26.625,-33.71875,28.65625,0.0,0.0,0.0,677
678,1695809819967,0.08984375,1.3388672,-0.37402344,-39.625,-9.59375,5.53125,0.0,0.0,0.0,678
679,1695809820007,0.2705078,1.4140625,-0.061523438,-5.625,15.40625,2.65625,0.0,0.0,0.0,679
680,1695809820047,0.043945312,0.8017578,0.056640625,4.03125,32.75,9.5,0.0,0.0,0.0,680
681,1695809820087,0.29492188,0.83496094,0.005859375,2.875,65.21875,1.25,0.0,0.0,0.0,681
682,1695809820127,0.5263672,1.1455078,0.01953125,-13.3125,115.15625,19.5625,0.0,0.0,0.0,682
683,1695809820167,0.25,0.86035156,-0.07714844,-32.46875,102.6875,22.375,0.0,0.0,0.0,683
684,1695809820207,0.3515625,0.88378906,0.08496094,-2.0625,101.90625,8.46875,5.375,27.9375,-133.875,684
685,1695809820247,0.41308594,0.8876953,0.076171875,-11.28125,96.71875,7.125,0.0,0.0,0.0,685
686,1695809820287,0.38964844,0.8701172,-0.017578125,-0.96875,90.90625,1.5,0.0,0.0,0.0,686
687,1695809820327,0.4765625,0.73339844,0.02734375,-2.5625,86.03125,-2.15625,0.0,0.0,0.0,687
688,1695809820367,0.54589844,0.81640625,0.017578125,-13.1875,73.09375,-9.46875,0.0,0.0,0.0,688
689,1695809820407,0.45410156,0.859375,-0.02734375,-16.1875,59.84375,-21.9375,0.0,0.0,0.0,689
690,1695809820447,0.53222656,0.8486328,-0.048828125,-16.28125,54.125,-36.75,0.0,0.0,0.0,690
691,1695809820487,0.44628906,0.8769531,-0.03125,-16.0,49.28125,-31.875,0.0,0.0,0.0,691
692,1695809820527,0.48828125,0.92578125,0.013671875,-6.15625,52.09375,-14.5,0.0,0.0,0.0,692
693,1695809820567,0.5107422,0.95410156,-0.029296875,18.3125,49.84375,2.46875,0.0,0.0,0.0,693
694,1695809820607,0.56347656,1.1474609,0.06542969,55.40625,35.875,8.84375,0.0,0.0,0.0,694
695,1695809820647,0.4794922,1.0761719,0.171875,83.5,-17.28125,19.875,0.0,0.0,0.0,695
696,1695809820687,0.34277344,1.2246094,-0.00390625,93.25,-38.65625,21.65625,-0.3125,30.1875,-122.0,696
697,1695809820727,0.30566406,1.2597656,-0.08496094,105.96875,-25.96875,5.84375,0.0,0.0,0.0,697
698,1695809820767,0.22070312,1.0712891,-0.10253906,110.0,-6.84375,4.25,0.0,0.0,0.0,698
699,1695809820807,0.2626953,0.9667969,-0.125,99.375,-26.625,-13.09375,0.0,0.0,0.0,699
700,1695809820847,0.3203125,0.8388672,-0.18554688,75.6875,-37.75,-22.65625,0.0,0.0,0.0,700
701,1695809820887,0.25585938,0.7529297,-0.22070312,56.75,-46.40625,-16.0625,0.0,0.0,0.0,701
702,1695809820927,0.20410156,0.74121094,-0.2548828,32.15625,-25.0,-11.5,0.0,0.0,0.0,702
703,1695809820967,0.14257812,0.6640625,-0.2783203,2.9375,-1.65625,-12.59375,0.0,0.0,0.0,703
704,1695809821007,0.05859375,0.5908203,-0.22265625,-23.25,15.84375,-22.65625,0.0,0.0,0.0,704
705,1695809821047,0.18652344,0.6142578,-0.2890625,-29.78125,43.0625,-20.28125,0.0,0.0,0.0,705
706,1695809821087,0.32617188,0.72753906,-0.37890625,-27.96875,67.25,-11.75,0.0,0.0,0.0,706
707,1695809821127,0.40039062,0.9042969,-0.5390625,-46.4375,61.6875,-3.3125,0.0,0.0,0.0,707
708,1695809821167,0.61816406,1.1787109,-0.51660156,-22.78125,9.25,-4.90625,-4.1875,36.625,-131.4375,708
709,1695809821207,0.4296875,0.97558594,-0.61328125,16.34375,-10.28125,4.8125,0.0,0.0,0.0,709
710,1695809821247,0.30371094,0.8496094,-0.55371094,8.46875,-35.125,21.15625,0.0,0.0,0.0,710
711,1695809821287,0.08496094,1.15625,-0.3466797,-25.5,-8.03125,4.8125,0.0,0.0,0.0,711
712,1695809821327,0.24121094,1.2421875,-0.21777344,-11.65625,5.15625,-8.03125,0.0,0.0,0.0,712
713,1695809821367,0.0859375,0.7919922,0.013671875,13.0625,32.9375,17.0,0.0,0.0,0.0,713
714,1695809821407,0.19238281,0.734375,0.024414062,3.71875,36.46875,7.96875,0.0,0.0,0.0,714
715,1695809821447,0.53125,1.1679688,0.020507812,-10.4375,73.59375,17.6875,0.0,0.0,0.0,715
716,1695809821487,0.3310547,0.9628906,-0.07519531,-18.0,80.0,25.78125,0.0,0.0,0.0,716
717,1695809821527,0.2939453,0.8886719,-0.07324219,-23.6875,62.90625,13.71875,0.0,0.0,0.0,717
718,1695809821567,0.37890625,0.8701172,0.10839844,-30.34375,86.84375,7.84375,0.0,0.0,0.0,718
719,1695809821607,0.39257812,0.9033203,-0.030273438,-30.75,75.59375,-6.625,0.0,0.0,0.0,719
720,1695809821647,0.38867188,0.85253906,-0.0146484375,-19.28125,80.3125,-10.6875,0.0,0.0,0.0,720
721,1695809821687,0.46972656,0.8105469,-0.00390625,-9.59375,69.5625,-16.6875,-5.6875,33.3125,-121.375,721
722,1695809821727,0.5058594,0.78808594,-0.030273438,-3.0,56.0625,-13.4375,0.0,0.0,0.0,722
723,1695809821767,0.53125,0.83496094,-0.07519531,0.5625,44.71875,-11.8125,0.0,0.0,0.0,723
724,1695809821807,0.46679688,0.8330078,-0.15917969,-3.46875,36.21875,-16.8125,0.0,0.0,0.0,724
725,1695809821847,0.53125,0.8691406,0.08984375,-10.0625,23.28125,-23.875,0.0,0.0,0.0,725
726,1695809821887,0.42089844,0.98339844,0.047851562,-21.0625,21.03125,-14.5625,0.0,0.0,0.0,726
727,1695809821927,0.36523438,1.0634766,-0.09765625,3.28125,41.40625,-9.53125,0.0,0.0,0.0,727
728,1695809821967,0.6826172,1.0224609,0.055664062,43.34375,40.4375,-3.3125,0.0,0.0,0.0,728
729,1695809822007,0.5332031,1.1064453,0.12011719,73.59375,-19.3125,14.6875,0.0,0.0,0.0,729
730,1695809822047,0.28710938,1.2041016,-0.5292969,94.96875,-44.40625,23.71875,0.0,0.0,0.0,730
731,1695809822087,0.3935547,1.1943359,-0.024414062,83.25,-31.40625,10.0625,0.0,0.0,0.0,731
732,1695809822127,0.26757812,0.9873047,-0.111328125,83.5,-31.8125,12.4375,0.0,0.0,0.0,732
733,1695809822167,0.23828125,1.0185547,-0.15039062,87.53125,-38.59375,-1.375,-10.625,35.875,-129.375,733
734,1695809822207,0.25878906,0.88378906,-0.13671875,81.78125,-28.65625,-12.09375,0.0,0.0,0.0,734
735,1695809822247,0.3203125,0.83496094,-0.22558594,63.28125,-24.0625,-6.625,0.0,0.0,0.0,735
736,1695809822287,0.34277344,0.71875,-0.18652344,41.1875,-34.15625,-0.25,0.0,0.0,0.0,736
737,1695809822327,0.15917969,0.66015625,-0.265625,5.90625,-36.8125,-5.03125,0.0,0.0,0.0,737
738,1695809822367,0.13378906,0.5996094,-0.2939453,-21.84375,-3.3125,-15.21875,0.0,0.0,0.0,738
739,1695809822407,0.22070312,0.60546875,-0.31640625,-33.8125,18.84375,-14.25,0.0,0.0,0.0,739
740,1695809822447,0.3564453,0.62597656,-0.40722656,-49.875,27.6875,-14.0,0.0,0.0,0.0,740
741,1695809822487,0.45214844,0.89941406,-0.49804688,-60.0625,22.5625,-6.75,0.0,0.0,0.0,741
742,1695809822527,0.39941406,1.2197266,-0.45214844,-14.03125,-2.59375,8.40625,0.0,0.0,0.0,742
743,1695809822567,0.46289062,0.92578125,-0.5546875,11.71875,-26.75,10.96875,0.0,0.0,0.0,743
744,1695809822607,0.27441406,1.1279297,-0.53515625,-6.65625,-33.03125,25.0625,0.0,0.0,0.0,744
745,1695809822647,0.19628906,1.4648438,-0.24023438,-15.5625,-2.03125,2.25,0.0,0.0,0.0,745
746,1695809822687,0.29296875,0.7529297,-0.28710938,15.625,26.84375,4.5,-10.5,36.8125,-130.25,746
747,1695809822727,-0.052734375,0.5986328,0.09667969,-12.375,65.15625,20.5,0.0,0.0,0.0,747
748,1695809822767,0.52246094,1.1376953,0.0146484375,-11.28125,23.90625,-20.03125,0.0,0.0,0.0,748
749,1695809822807,0.4736328,1.0625,-0.15722656,-26.4375,72.78125,7.3125,0.0,0.0,0.0,749
750,1695809822847,0.2685547,0.8154297,-0.00390625,-31.25,58.6875,13.65625,0.0,0.0,0.0,750
751,1695809822887,0.3642578,0.8925781,-0.03125,-24.28125,52.15625,7.0,0.0,0.0,0.0,751
752,1695809822927,0.44335938,0.921875,0.022460938,-20.375,66.9375,10.46875,0.0,0.0,0.0,752
753,1695809822967,0.4716797,0.81933594,-0.05078125,-26.375,52.78125,10.40625,0.0,0.0,0.0,753
754,1695809823007,0.48632812,0.8125,-0.08984375,-15.4375,50.40625,-4.96875,0.0,0.0,0.0,754
755,1695809823047,0.45703125,0.7832031,-0.021484375,-14.78125,39.28125,-15.21875,0.0,0.0,0.0,755
756,1695809823087,0.4560547,0.84277344,-0.051757812,-19.34375,23.90625,-21.125,0.0,0.0,0.0,756
757,1695809823127,0.4921875,0.89941406,-0.10253906,-21.0625,32.75,-24.75,0.0,0.0,0.0,757
758,1695809823167,0.4248047,0.9091797,0.005859375,-14.03125,36.15625,-18.75,-11.25,35.75,-120.8125,758
759,1695809823207,0.4423828,0.8828125,0.056640625,-9.65625,34.15625,-8.875,0.0,0.0,0.0,759
