,timestamp,accel_x,accel_y,accel_z,gyro_x,gyro_y,gyro_z,mag_x,mag_y,mag_z
0,1695809609010,-0.7080078,0.34570312,-0.6484375,-0.3125,-0.9375,-0.25,0.0,0.0,0.0
1,1695809609069,-0.7236328,0.34375,-0.6484375,-0.53125,-0.8125,-0.1875,0.0,0.0,0.0
2,1695809609098,-0.71875,0.34960938,-0.640625,-0.3125,-0.75,-0.1875,0.0,0.0,0.0
3,1695809609128,-0.7216797,0.3515625,-0.6484375,-0.0625,-0.5,-0.0625,0.0,0.0,0.0
4,1695809609189,-0.7089844,0.3564453,-0.6347656,-0.0625,-0.5625,-0.25,0.0,0.0,0.0
5,1695809609218,-0.7207031,0.34960938,-0.6513672,0.0,0.0,-0.25,-47.6875,6.625,-176.75
6,1695809609248,-0.71484375,0.34472656,-0.6503906,0.1875,-0.25,-0.4375,0.0,0.0,0.0
7,1695809609308,-0.7158203,0.35351562,-0.6503906,0.0,0.0625,-0.1875,0.0,0.0,0.0
8,1695809609339,-0.71972656,0.35058594,-0.6455078,-0.125,-0.5,-0.25,0.0,0.0,0.0
9,1695809609369,-0.71875,0.3486328,-0.640625,-0.125,-0.375,-0.1875,0.0,0.0,0.0
10,1695809609458,-0.71777344,0.3408203,-0.6484375,0.0625,-0.3125,-0.0625,0.0,0.0,0.0
11,1695809609460,-0.7138672,0.35546875,-0.64746094,0.4375,0.0625,0.125,0.0,0.0,0.0
12,1695809609488,-0.7158203,0.35058594,-0.64941406,0.3125,0.21875,0.0625,0.0,0.0,0.0
13,1695809609548,-0.71484375,0.34765625,-0.6298828,0.3125,0.0,0.0,0.0,0.0,0.0
14,1695809609578,-0.7285156,0.34472656,-0.6425781,0.125,0.1875,0.0,0.0,0.0,0.0
15,1695809609608,-0.7158203,0.34765625,-0.6484375,0.375,0.65625,-0.1875,0.0,0.0,0.0
16,1695809609672,-0.7158203,0.34960938,-0.65527344,-0.1875,-0.1875,-0.25,0.0,0.0,0.0
17,1695809609702,-0.7158203,0.34570312,-0.6435547,-0.34375,0.0,0.125,-47.6875,5.4375,-177.625
18,1695809609730,-0.71875,0.3515625,-0.64941406,0.5625,-0.125,0.0625,0.0,0.0,0.0
19,1695809609791,-0.7109375,0.3564453,-0.6425781,0.625,-0.3125,-0.0625,0.0,0.0,0.0
20,1695809609821,-0.71484375,0.34375,-0.6308594,0.125,0.1875,0.3125,0.0,0.0,0.0
21,1695809609850,-0.71777344,0.35546875,-0.6425781,0.0,0.0625,0.125,0.0,0.0,0.0
22,1695809609914,-0.71777344,0.3544922,-0.6503906,0.375,0.34375,-0.0625,0.0,0.0,0.0
23,1695809609941,-0.71875,0.3515625,-0.6425781,0.875,0.65625,-0.25,0.0,0.0,0.0
24,1695809609970,-0.7080078,0.34179688,-0.6533203,0.3125,0.1875,-0.125,0.0,0.0,0.0
25,1695809610032,-0.7207031,0.35351562,-0.66015625,0.6875,0.59375,0.0,0.0,0.0,0.0
26,1695809610061,-0.7167969,0.34765625,-0.64941406,0.5625,0.125,-0.0625,0.0,0.0,0.0
27,1695809610089,-0.7080078,0.35546875,-0.6357422,0.25,0.34375,0.0625,0.0,0.0,0.0
28,1695809610149,-0.72265625,0.3564453,-0.6425781,0.75,0.21875,0.0,0.0,0.0,0.0
29,1695809610180,-0.7080078,0.3408203,-0.6435547,0.5625,0.28125,-0.0625,0.0,0.0,0.0
30,1695809610210,-0.7080078,0.34277344,-0.6455078,-0.1875,0.34375,0.1875,-48.75,5.875,-177.0625
31,1695809610273,-0.71777344,0.3515625,-0.64746094,0.25,-0.125,-0.1875,0.0,0.0,0.0
32,1695809610301,-0.71777344,0.3515625,-0.65234375,0.1875,0.28125,-0.0625,0.0,0.0,0.0
33,1695809610331,-0.7138672,0.34765625,-0.6513672,0.0625,0.0,-0.0625,0.0,0.0,0.0
34,1695809610390,-0.7109375,0.34570312,-0.65527344,0.25,0.0,0.0,0.0,0.0,0.0
35,1695809610425,-0.71777344,0.35351562,-0.6435547,0.125,0.0,-0.1875,0.0,0.0,0.0
36,1695809610450,-0.7158203,0.3486328,-0.6533203,-0.1875,-0.3125,0.0,0.0,0.0,0.0
37,1695809610540,-0.7128906,0.35351562,-0.6582031,0.4375,-0.0625,-0.125,0.0,0.0,0.0
38,1695809610570,-0.70703125,0.3486328,-0.6503906,0.1875,0.125,-0.3125,0.0,0.0,0.0
39,1695809610572,-0.7158203,0.34960938,-0.6542969,-0.125,-0.375,-0.25,0.0,0.0,0.0
40,1695809610630,-0.71484375,0.3466797,-0.64941406,-0.0625,-0.3125,-0.0625,0.0,0.0,0.0
41,1695809610667,-0.71191406,0.34570312,-0.63671875,0.125,-0.125,-0.1875,0.0,0.0,0.0
42,1695809610696,-0.7128906,0.35351562,-0.64746094,0.25,-0.0625,0.0,-49.375,7.25,-177.375
43,1695809610749,-0.70410156,0.3466797,-0.64453125,0.125,-0.125,-0.0625,0.0,0.0,0.0
44,1695809610777,-0.7158203,0.35546875,-0.64453125,0.0625,0.0625,-0.25,0.0,0.0,0.0
45,1695809610808,-0.703125,0.34960938,-0.64746094,-0.0625,-0.125,-0.125,0.0,0.0,0.0
46,1695809610868,-0.7138672,0.34570312,-0.66015625,0.5,0.28125,-0.25,0.0,0.0,0.0
47,1695809610899,-0.70996094,0.34570312,-0.64453125,0.1875,0.34375,0.0,0.0,0.0,0.0
48,1695809610929,-0.7158203,0.3544922,-0.65625,0.125,0.0625,-0.25,0.0,0.0,0.0
49,1695809610989,-0.70703125,0.3486328,-0.6582031,0.1875,0.53125,-0.25,0.0,0.0,0.0
50,1695809611021,-0.7089844,0.34472656,-0.6689453,-0.3125,-0.125,-0.0625,0.0,0.0,0.0
51,1695809611052,-0.7128906,0.3544922,-0.64746094,-0.125,-0.1875,-0.1875,0.0,0.0,0.0
52,1695809611110,-0.7158203,0.35058594,-0.65527344,0.125,-0.125,0.0625,0.0,0.0,0.0
53,1695809611140,-0.7128906,0.3466797,-0.6542969,0.5,-0.0625,-0.125,0.0,0.0,0.0
54,1695809611172,-0.7109375,0.34277344,-0.6435547,0.0625,0.1875,-0.3125,0.0,0.0,0.0
55,1695809611232,-0.7158203,0.3466797,-0.65625,0.0,-0.0625,-0.125,-48.0,5.875,-177.0625
56,1695809611292,-0.7089844,0.3466797,-0.6582031,0.125,0.0625,-0.25,0.0,0.0,0.0
57,1695809611295,-0.7080078,0.35351562,-0.6435547,0.5625,0.1875,-0.375,0.0,0.0,0.0
58,1695809611352,-0.7128906,0.34960938,-0.6484375,0.5,0.1875,-0.1875,0.0,0.0,0.0
59,1695809611382,-0.7089844,0.34277344,-0.6533203,0.375,0.21875,0.0625,0.0,0.0,0.0
60,1695809611409,-0.70214844,0.35058594,-0.6484375,0.25,0.1875,-0.25,0.0,0.0,0.0
61,1695809611471,-0.70703125,0.34765625,-0.65234375,-0.3125,-0.125,-0.1875,0.0,0.0,0.0
62,1695809611501,-0.7001953,0.34375,-0.6435547,0.1875,0.125,-0.0625,0.0,0.0,0.0
63,1695809611529,-0.71484375,0.34179688,-0.6435547,0.25,-0.25,-0.25,0.0,0.0,0.0
64,1695809611590,-0.7080078,0.3486328,-0.6542969,0.125,-0.0625,0.0,0.0,0.0,0.0
65,1695809611619,-0.71484375,0.3466797,-0.66015625,0.0,-0.125,-0.125,0.0,0.0,0.0
66,1695809611648,-0.7109375,0.3544922,-0.64941406,-0.1875,-0.5,-0.1875,0.0,0.0,0.0
67,1695809611710,-0.7167969,0.35253906,-0.6591797,0.125,-0.125,0.125,-46.8125,6.0625,-177.1875
68,1695809611739,-0.7080078,0.34277344,-0.64453125,0.3125,-0.125,-0.1875,0.0,0.0,0.0
69,1695809611831,-0.70996094,0.34960938,-0.6582031,0.0,0.125,-0.25,0.0,0.0,0.0
70,1695809611838,-0.7158203,0.34960938,-0.66503906,0.1875,-0.0625,-0.3125,0.0,0.0,0.0
71,1695809611860,-0.71484375,0.3486328,-0.6582031,0.0625,0.0,-0.1875,0.0,0.0,0.0
72,1695809611889,-0.7060547,0.34472656,-0.64941406,0.3125,0.125,0.0,0.0,0.0,0.0
73,1695809611950,-0.70703125,0.35253906,-0.64453125,0.375,0.28125,-0.0625,0.0,0.0,0.0
74,1695809611980,-0.71191406,0.35351562,-0.63671875,0.1875,-0.125,0.0,0.0,0.0,0.0
75,1695809612010,-0.71777344,0.34570312,-0.65625,0.125,0.21875,0.0625,0.0,0.0,0.0
76,1695809612072,-0.7050781,0.34960938,-0.6503906,-0.1875,-0.125,-0.1875,0.0,0.0,0.0
77,1695809612101,-0.70996094,0.35351562,-0.6640625,-0.1875,-0.125,-0.1875,0.0,0.0,0.0
78,1695809612130,-0.71972656,0.3515625,-0.6640625,0.0625,0.0625,-0.1875,0.0,0.0,0.0
79,1695809612192,-0.7060547,0.34472656,-0.65625,0.125,-0.25,0.125,0.0,0.0,0.0
80,1695809612220,-0.7080078,0.34960938,-0.6533203,-0.0625,-0.375,0.0,-48.0,4.8125,-175.6875
81,1695809612251,-0.70410156,0.3466797,-0.6533203,-0.375,-0.4375,0.0,0.0,0.0,0.0
82,1695809612313,-0.7207031,0.3544922,-0.66308594,-0.125,-0.25,0.0625,0.0,0.0,0.0
83,1695809612341,-0.7128906,0.34765625,-0.6582031,0.0,-0.125,0.0,0.0,0.0,0.0
84,1695809612370,-0.70996094,0.34570312,-0.65625,-0.0625,0.125,0.0625,0.0,0.0,0.0
85,1695809612429,-0.7167969,0.35058594,-0.6484375,0.0625,0.0625,-0.25,0.0,0.0,0.0
86,1695809612459,-0.7089844,0.34472656,-0.6513672,-0.1875,-0.125,-0.0625,0.0,0.0,0.0
87,1695809612522,-0.71777344,0.3486328,-0.6503906,-0.1875,-0.25,0.0625,0.0,0.0,0.0
88,1695809612552,-0.703125,0.3466797,-0.65527344,0.46875,0.375,0.0,0.0,0.0,0.0
89,1695809612583,-0.7060547,0.3466797,-0.6503906,0.0625,-0.1875,0.125,0.0,0.0,0.0
90,1695809612639,-0.7109375,0.3564453,-0.6542969,-0.125,0.0,0.21875,0.0,0.0,0.0
91,1695809612672,-0.7109375,0.35351562,-0.66308594,-0.0625,0.125,0.0,0.0,0.0,0.0
92,1695809612702,-0.7109375,0.34570312,-0.6582031,-0.125,-0.0625,-0.125,-47.6875,5.875,-177.625
93,1695809612761,-0.7089844,0.34570312,-0.64746094,0.0625,0.0625,-0.0625,0.0,0.0,0.0
94,1695809612822,-0.7060547,0.35058594,-0.6542969,0.0625,-0.0625,0.125,0.0,0.0,0.0
95,1695809612825,-0.7128906,0.35351562,-0.6669922,-0.125,-0.3125,0.0625,0.0,0.0,0.0
96,1695809612882,-0.70410156,0.34960938,-0.6611328,-0.1875,0.0,-0.0625,0.0,0.0,0.0
97,1695809612912,-0.7128906,0.34277344,-0.6533203,-0.3125,-0.4375,0.1875,0.0,0.0,0.0
98,1695809612942,-0.7128906,0.34765625,-0.64746094,0.0625,-0.1875,0.0625,0.0,0.0,0.0
99,1695809613001,-0.7060547,0.34765625,-0.65527344,-0.125,0.125,0.0625,0.0,0.0,0.0
100,1695809613031,-0.7167969,0.3515625,-0.6542969,-0.1875,-0.25,0.125,0.0,0.0,0.0
101,1695809613066,-0.70703125,0.35253906,-0.64941406,-0.0625,0.46875,-0.0625,0.0,0.0,0.0
102,1695809613121,-0.71191406,0.34472656,-0.6591797,-0.1875,-0.375,-0.0625,0.0,0.0,0.0
103,1695809613151,-0.71484375,0.34472656,-0.65722656,-0.1875,-0.1875,0.0625,0.0,0.0,0.0
104,1695809613183,-0.70703125,0.34570312,-0.65625,0.125,0.125,0.1875,0.0,0.0,0.0
105,1695809613242,-0.7089844,0.36132812,-0.6611328,0.0,-0.0625,0.125,-48.3125,5.875,-177.0625
106,1695809613271,-0.70703125,0.34960938,-0.65527344,-0.25,-0.1875,0.21875,0.0,0.0,0.0
107,1695809613301,-0.70410156,0.34765625,-0.65625,-0.1875,-0.125,0.1875,0.0,0.0,0.0
108,1695809613361,-0.7089844,0.34960938,-0.6455078,0.125,0.0,0.0,0.0,0.0,0.0
109,1695809613392,-0.7109375,0.34960938,-0.6533203,-0.375,-0.0625,0.0,0.0,0.0,0.0
110,1695809613419,-0.70996094,0.3466797,-0.6621094,0.0,0.1875,-0.0625,0.0,0.0,0.0
111,1695809613482,-0.7089844,0.3486328,-0.63964844,0.0625,-0.1875,0.0,0.0,0.0,0.0
112,1695809613511,-0.7089844,0.34960938,-0.6660156,-0.125,0.0,0.21875,0.0,0.0,0.0
113,1695809613570,-0.6982422,0.35546875,-0.6542969,-0.125,-0.0625,0.0625,0.0,0.0,0.0
114,1695809613600,-0.7089844,0.3544922,-0.65527344,0.0,-0.0625,0.1875,0.0,0.0,0.0
115,1695809613629,-0.703125,0.3564453,-0.65722656,-0.0625,0.0625,0.0625,0.0,0.0,0.0
116,1695809613660,-0.71484375,0.35742188,-0.6542969,-0.375,-0.125,0.125,0.0,0.0,0.0
117,1695809613721,-0.71875,0.35058594,-0.65625,0.125,-0.1875,0.0,-48.125,6.3125,-176.4375
118,1695809613751,-0.7109375,0.3515625,-0.6699219,-0.0625,0.0625,-0.1875,0.0,0.0,0.0
119,1695809613781,-0.70410156,0.3564453,-0.65527344,-0.3125,-0.1875,-0.0625,0.0,0.0,0.0
120,1695809613844,-0.71484375,0.3515625,-0.6484375,-0.1875,-0.375,-0.125,0.0,0.0,0.0
121,1695809613874,-0.7011719,0.35351562,-0.65527344,-0.1875,-0.125,0.0625,0.0,0.0,0.0
122,1695809613899,-0.7060547,0.35351562,-0.6503906,0.0625,-0.25,0.0,0.0,0.0,0.0
123,1695809613961,-0.7109375,0.35351562,-0.6582031,-0.1875,-0.25,0.125,0.0,0.0,0.0
124,1695809613993,-0.7158203,0.34570312,-0.6513672,-0.1875,-0.25,0.1875,0.0,0.0,0.0
125,1695809614020,-0.70996094,0.35253906,-0.65625,-0.25,-0.1875,0.1875,0.0,0.0,0.0
126,1695809614111,-0.70703125,0.3564453,-0.65527344,-0.25,-0.0625,0.0625,0.0,0.0,0.0
127,1695809614114,-0.7158203,0.35351562,-0.65625,-0.0625,-0.0625,-0.1875,0.0,0.0,0.0
128,1695809614145,-0.7138672,0.3544922,-0.6542969,0.0,0.0625,-0.25,0.0,0.0,0.0
129,1695809614202,-0.71191406,0.35546875,-0.64453125,-0.375,-0.4375,-0.125,0.0,0.0,0.0
130,1695809614232,-0.703125,0.3564453,-0.66015625,-0.1875,-0.1875,0.0,-48.125,7.375,-178.5625
131,1695809614261,-0.70214844,0.359375,-0.6435547,-0.1875,-0.25,-0.25,0.0,0.0,0.0
132,1695809614320,-0.7089844,0.35058594,-0.6611328,-0.625,-0.3125,0.0,0.0,0.0,0.0
133,1695809614352,-0.71484375,0.3544922,-0.6582031,-0.125,-0.125,0.40625,0.0,0.0,0.0
134,1695809614380,-0.7060547,0.3623047,-0.64746094,0.21875,0.125,0.34375,0.0,0.0,0.0
135,1695809614441,-0.69921875,0.34960938,-0.65234375,-0.0625,-0.0625,0.21875,0.0,0.0,0.0
136,1695809614469,-0.70703125,0.34765625,-0.65527344,0.0625,-0.1875,0.1875,0.0,0.0,0.0
137,1695809614501,-0.70410156,0.3486328,-0.6533203,0.0,-0.25,0.21875,0.0,0.0,0.0
138,1695809614563,-0.703125,0.3515625,-0.64746094,0.125,0.0,0.46875,0.0,0.0,0.0
139,1695809614592,-0.7138672,0.35742188,-0.6640625,0.125,-0.375,0.40625,0.0,0.0,0.0
140,1695809614621,-0.7011719,0.3544922,-0.6582031,-0.1875,-0.3125,0.46875,0.0,0.0,0.0
141,1695809614711,-0.7060547,0.3564453,-0.6640625,-0.0625,-0.1875,0.59375,0.0,0.0,0.0
142,1695809614714,-0.7001953,0.35253906,-0.6484375,-0.0625,-0.1875,0.40625,-48.625,6.0625,-177.5
143,1695809614739,-0.7138672,0.35058594,-0.6503906,0.0,-0.0625,0.21875,0.0,0.0,0.0
144,1695809614832,-0.71191406,0.34375,-0.6484375,-0.125,-0.0625,0.28125,0.0,0.0,0.0
145,1695809614834,-0.70996094,0.35742188,-0.64746094,-0.125,-0.125,0.34375,0.0,0.0,0.0
146,1695809614860,-0.71191406,0.3515625,-0.6582031,0.21875,0.0625,0.09375,0.0,0.0,0.0
147,1695809614920,-0.70996094,0.3515625,-0.6533203,0.34375,0.0625,0.25,0.0,0.0,0.0
148,1695809614950,-0.7128906,0.35351562,-0.6611328,0.28125,0.125,0.09375,0.0,0.0,0.0
149,1695809614981,-0.71484375,0.3466797,-0.65527344,-0.03125,-0.21875,0.25,0.0,0.0,0.0
150,1695809615046,-0.71484375,0.34960938,-0.66015625,-0.09375,0.0,0.21875,0.0,0.0,0.0
151,1695809615107,-0.7089844,0.35351562,-0.6425781,0.28125,0.4375,0.15625,0.0,0.0,0.0
152,1695809615121,-0.71875,0.3466797,-0.640625,-0.09375,0.0,0.09375,0.0,0.0,0.0
153,1695809615191,-0.7080078,0.3564453,-0.6464844,0.09375,0.125,0.15625,0.0,0.0,0.0
154,1695809615194,-0.7109375,0.3466797,-0.65234375,0.28125,0.0,0.25,0.0,0.0,0.0
155,1695809615224,-0.70410156,0.3515625,-0.65625,0.40625,0.0625,0.375,-46.375,6.0625,-176.875
156,1695809615281,-0.70996094,0.34765625,-0.6542969,0.21875,0.125,0.25,0.0,0.0,0.0
157,1695809615310,-0.703125,0.35253906,-0.64941406,0.15625,0.1875,0.15625,0.0,0.0,0.0
158,1695809615343,-0.7138672,0.35839844,-0.6591797,-0.03125,0.25,0.3125,0.0,0.0,0.0
159,1695809615402,-0.7050781,0.3466797,-0.66015625,0.03125,0.1875,0.3125,0.0,0.0,0.0
160,1695809615432,-0.7109375,0.34960938,-0.6533203,0.5,0.1875,0.03125,0.0,0.0,0.0
161,1695809615464,-0.7089844,0.34960938,-0.6669922,0.15625,0.1875,0.25,0.0,0.0,0.0
162,1695809615520,-0.7001953,0.34570312,-0.65527344,0.34375,0.25,0.375,0.0,0.0,0.0
163,1695809615552,-0.70703125,0.3466797,-0.65527344,0.09375,0.125,0.25,0.0,0.0,0.0
164,1695809615583,-0.7060547,0.36132812,-0.6582031,-0.09375,0.0,0.25,0.0,0.0,0.0
165,1695809615642,-0.70214844,0.36132812,-0.6582031,0.09375,0.125,0.15625,0.0,0.0,0.0
166,1695809615671,-0.6982422,0.3515625,-0.64941406,-0.03125,-0.0625,0.3125,0.0,0.0,0.0
167,1695809615701,-0.71484375,0.34960938,-0.6513672,0.09375,0.25,0.3125,-48.3125,6.1875,-176.75
168,1695809615760,-0.7158203,0.3486328,-0.65527344,0.46875,0.0,0.09375,0.0,0.0,0.0
169,1695809615789,-0.69921875,0.3486328,-0.6542969,0.15625,0.3125,0.21875,0.0,0.0,0.0
170,1695809615853,-0.70410156,0.34277344,-0.66015625,0.28125,0.125,0.09375,0.0,0.0,0.0
171,1695809615881,-0.7060547,0.3515625,-0.65625,0.09375,0.125,0.15625,0.0,0.0,0.0
172,1695809615914,-0.70996094,0.35742188,-0.6621094,0.15625,0.25,0.03125,0.0,0.0,0.0
173,1695809615972,-0.70703125,0.34765625,-0.6533203,0.15625,0.25,0.3125,0.0,0.0,0.0
174,1695809616001,-0.7011719,0.3515625,-0.6464844,-0.03125,0.1875,0.375,0.0,0.0,0.0
175,1695809616031,-0.7128906,0.35253906,-0.6591797,0.09375,-0.0625,0.375,0.0,0.0,0.0
176,1695809616063,-0.7080078,0.34179688,-0.66503906,0.21875,0.375,0.25,0.0,0.0,0.0
177,1695809616121,-0.70996094,0.35351562,-0.65234375,0.03125,0.125,0.03125,0.0,0.0,0.0
178,1695809616151,-0.70214844,0.33984375,-0.66308594,-0.15625,0.0,0.09375,0.0,0.0,0.0
179,1695809616182,-0.71191406,0.34960938,-0.65625,0.09375,-0.0625,0.25,0.0,0.0,0.0
180,1695809616242,-0.69921875,0.34277344,-0.66308594,0.21875,0.125,0.25,-48.875,5.75,-177.1875
181,1695809616272,-0.7001953,0.3623047,-0.6533203,-0.15625,-0.15625,0.375,0.0,0.0,0.0
182,1695809616302,-0.7060547,0.34960938,-0.6660156,0.03125,-0.0625,0.21875,0.0,0.0,0.0
183,1695809616362,-0.7109375,0.35742188,-0.6533203,-0.03125,0.125,0.25,0.0,0.0,0.0
184,1695809616392,-0.70703125,0.35058594,-0.6582031,-0.21875,-0.09375,0.21875,0.0,0.0,0.0
185,1695809616421,-0.7011719,0.34960938,-0.65722656,0.03125,0.0625,0.09375,0.0,0.0,0.0
186,1695809616482,-0.7001953,0.34765625,-0.65527344,0.28125,0.125,0.21875,0.0,0.0,0.0
187,1695809616510,-0.7001953,0.3515625,-0.65625,0.40625,0.3125,0.09375,0.0,0.0,0.0
188,1695809616540,-0.7011719,0.35058594,-0.64453125,0.09375,0.125,0.09375,0.0,0.0,0.0
189,1695809616602,-0.7080078,0.34765625,-0.6533203,-0.03125,-0.09375,0.03125,0.0,0.0,0.0
190,1695809616634,-0.70214844,0.3515625,-0.6513672,0.15625,0.25,0.25,0.0,0.0,0.0
191,1695809616661,-0.6923828,0.35351562,-0.6513672,0.21875,0.0625,0.25,0.0,0.0,0.0
192,1695809616722,-0.7089844,0.35351562,-0.64746094,-0.15625,-0.0625,0.3125,-46.9375,6.625,-177.625
193,1695809616754,-0.703125,0.36328125,-0.6591797,0.21875,0.0,0.25,0.0,0.0,0.0
194,1695809616780,-0.70996094,0.3466797,-0.6533203,-0.03125,0.25,0.25,0.0,0.0,0.0
195,1695809616838,-0.7001953,0.35351562,-0.65722656,-0.09375,0.0,0.15625,0.0,0.0,0.0
196,1695809616869,-0.70410156,0.3466797,-0.6591797,0.15625,0.1875,0.09375,0.0,0.0,0.0
197,1695809616899,-0.70996094,0.3564453,-0.6533203,-0.09375,0.0,0.15625,0.0,0.0,0.0
198,1695809616960,-0.71191406,0.35058594,-0.64941406,-0.03125,0.0,0.09375,0.0,0.0,0.0
199,1695809616989,-0.70410156,0.35546875,-0.64941406,0.09375,0.0,0.25,0.0,0.0,0.0
200,1695809617020,-0.7089844,0.3515625,-0.6542969,-0.34375,-0.09375,0.25,0.0,0.0,0.0
201,1695809617080,-0.7050781,0.34960938,-0.65234375,0.09375,0.0,0.21875,0.0,0.0,0.0
202,1695809617111,-0.70214844,0.35351562,-0.65625,-0.03125,0.125,0.25,0.0,0.0,0.0
203,1695809617140,-0.7089844,0.36132812,-0.66308594,-0.15625,-0.34375,0.15625,0.0,0.0,0.0
204,1695809617199,-0.7011719,0.34179688,-0.6435547,-0.03125,0.3125,0.25,0.0,0.0,0.0
205,1695809617229,-0.70410156,0.34570312,-0.6464844,0.40625,0.0625,0.21875,-47.25,5.4375,-178.375
206,1695809617260,-0.7109375,0.3564453,-0.65625,-0.09375,0.0,0.3125,0.0,0.0,0.0
207,1695809617319,-0.70996094,0.35253906,-0.64453125,0.21875,0.375,0.21875,0.0,0.0,0.0
208,1695809617378,-0.703125,0.34960938,-0.65722656,0.21875,0.3125,-0.09375,0.0,0.0,0.0
209,1695809617381,-0.7128906,0.3544922,-0.65527344,0.15625,0.3125,0.03125,0.0,0.0,0.0
210,1695809617439,-0.703125,0.35058594,-0.66015625,0.09375,0.0,0.21875,0.0,0.0,0.0
211,1695809617469,-0.70996094,0.34765625,-0.66796875,0.21875,0.1875,0.25,0.0,0.0,0.0
212,1695809617499,-0.7060547,0.3486328,-0.66308594,0.28125,0.125,0.21875,0.0,0.0,0.0
213,1695809617589,-0.703125,0.35058594,-0.66308594,0.28125,-0.21875,0.25,0.0,0.0,0.0
214,1695809617591,-0.70410156,0.35546875,-0.6464844,-0.03125,0.25,0.375,0.0,0.0,0.0
215,1695809617621,-0.7011719,0.3564453,-0.66308594,-0.15625,-0.15625,0.25,0.0,0.0,0.0
216,1695809617679,-0.70703125,0.3515625,-0.6533203,0.15625,0.0,0.09375,0.0,0.0,0.0
217,1695809617709,-0.7109375,0.3515625,-0.6513672,-0.28125,-0.09375,0.3125,-47.875,5.3125,-177.1875
218,1695809617739,-0.7080078,0.34277344,-0.6513672,0.09375,-0.0625,0.15625,0.0,0.0,0.0
219,1695809617802,-0.7001953,0.35058594,-0.64941406,0.15625,0.25,0.03125,0.0,0.0,0.0
220,1695809617829,-0.703125,0.34960938,-0.6669922,-0.15625,-0.09375,0.3125,0.0,0.0,0.0
221,1695809617860,-0.7080078,0.3564453,-0.6611328,-0.03125,0.0,0.25,0.0,0.0,0.0
222,1695809617920,-0.70214844,0.34472656,-0.6435547,0.34375,0.0625,0.21875,0.0,0.0,0.0
223,1695809617952,-0.70410156,0.34570312,-0.6640625,0.03125,-0.0625,0.21875,0.0,0.0,0.0
224,1695809617981,-0.7060547,0.35546875,-0.65527344,-0.09375,-0.09375,0.15625,0.0,0.0,0.0
225,1695809618044,-0.70703125,0.35058594,-0.6640625,0.03125,0.0,0.09375,0.0,0.0,0.0
226,1695809618071,-0.70410156,0.34375,-0.6640625,-0.03125,0.125,0.25,0.0,0.0,0.0
227,1695809618134,-0.7128906,0.35058594,-0.6660156,0.21875,0.0625,0.21875,0.0,0.0,0.0
228,1695809618161,-0.7080078,0.3486328,-0.6533203,0.5,0.4375,-0.03125,0.0,0.0,0.0
229,1695809618191,-0.7011719,0.35351562,-0.65527344,0.15625,0.0,0.09375,0.0,0.0,0.0
230,1695809618221,-0.69921875,0.34570312,-0.6640625,-0.34375,-0.15625,0.3125,-48.75,6.1875,-176.3125
231,1695809618282,-0.7011719,0.35253906,-0.66308594,-0.09375,0.0,0.15625,0.0,0.0,0.0
232,1695809618312,-0.71191406,0.3515625,-0.64453125,0.28125,-0.15625,0.15625,0.0,0.0,0.0
233,1695809618339,-0.7011719,0.3544922,-0.6464844,-0.09375,-0.15625,0.3125,0.0,0.0,0.0
234,1695809618402,-0.70703125,0.35351562,-0.6542969,-0.34375,-0.21875,0.5,0.0,0.0,0.0
235,1695809618432,-0.7128906,0.3486328,-0.6591797,-0.09375,-0.09375,0.21875,0.0,0.0,0.0
236,1695809618462,-0.70214844,0.35058594,-0.6542969,-0.03125,0.0625,0.15625,0.0,0.0,0.0
237,1695809618522,-0.7060547,0.36035156,-0.6533203,-0.03125,-0.0625,0.21875,0.0,0.0,0.0
238,1695809618551,-0.703125,0.34765625,-0.6591797,0.34375,0.25,0.09375,0.0,0.0,0.0
239,1695809618610,-0.703125,0.35351562,-0.6582031,-0.09375,0.0,0.25,0.0,0.0,0.0
240,1695809618640,-0.70703125,0.35742188,-0.6542969,0.09375,0.0,0.25,0.0,0.0,0.0
241,1695809618672,-0.7050781,0.34765625,-0.6660156,0.28125,0.0625,0.21875,0.0,0.0,0.0
242,1695809618705,-0.7080078,0.35058594,-0.65722656,-0.03125,0.125,0.25,-48.0,5.4375,-177.375
243,1695809618761,-0.69921875,0.3466797,-0.6660156,-0.15625,-0.09375,0.25,0.0,0.0,0.0
244,1695809618791,-0.7109375,0.35351562,-0.6425781,0.09375,-0.0625,-0.03125,0.0,0.0,0.0
245,1695809618821,-0.70703125,0.3408203,-0.65234375,-0.03125,0.1875,0.03125,0.0,0.0,0.0
246,1695809618880,-0.703125,0.3544922,-0.65234375,0.21875,0.0625,-0.15625,0.0,0.0,0.0
247,1695809618909,-0.7060547,0.35546875,-0.6484375,0.03125,0.25,-0.03125,0.0,0.0,0.0
248,1695809618941,-0.70703125,0.34960938,-0.6533203,-0.125,-0.25,-0.09375,0.0,0.0,0.0
249,1695809619003,-0.70996094,0.35058594,-0.6513672,0.15625,-0.1875,0.09375,0.0,0.0,0.0
250,1695809619031,-0.70703125,0.34765625,-0.65722656,-0.03125,0.0,0.03125,0.0,0.0,0.0
251,1695809619063,-0.71191406,0.34179688,-0.6435547,-0.09375,0.0,-0.03125,0.0,0.0,0.0
252,1695809619121,-0.70410156,0.3515625,-0.65527344,0.03125,0.25,-0.03125,0.0,0.0,0.0
253,1695809619151,-0.7080078,0.34960938,-0.6533203,-0.03125,-0.25,0.03125,0.0,0.0,0.0
254,1695809619183,-0.7050781,0.3515625,-0.6542969,-0.3125,0.125,0.15625,0.0,0.0,0.0
255,1695809619240,-0.703125,0.35058594,-0.66015625,-0.03125,0.0625,-0.03125,-48.75,6.9375,-177.375
256,1695809619271,-0.7089844,0.35253906,-0.65234375,-0.125,-0.1875,0.09375,0.0,0.0,0.0
257,1695809619302,-0.7050781,0.3486328,-0.6533203,-0.03125,0.0,-0.03125,0.0,0.0,0.0
258,1695809619357,-0.703125,0.35351562,-0.6582031,-0.03125,-0.125,-0.03125,0.0,0.0,0.0
259,1695809619390,-0.7080078,0.35839844,-0.65722656,-0.03125,-0.1875,0.15625,0.0,0.0,0.0
260,1695809619420,-0.7080078,0.35351562,-0.65527344,-0.125,-0.0625,0.03125,0.0,0.0,0.0
261,1695809619480,-0.7001953,0.3515625,-0.65234375,-0.09375,-0.0625,-0.03125,0.0,0.0,0.0
262,1695809619511,-0.7158203,0.36035156,-0.65234375,-0.125,-0.125,-0.09375,0.0,0.0,0.0
263,1695809619540,-0.7050781,0.34570312,-0.66503906,-0.09375,0.125,-0.03125,0.0,0.0,0.0
264,1695809619600,-0.7109375,0.3515625,-0.64160156,-0.125,-0.1875,0.09375,0.0,0.0,0.0
265,1695809619660,-0.7080078,0.3544922,-0.6542969,0.34375,-0.1875,-0.03125,0.0,0.0,0.0
266,1695809619663,-0.6972656,0.34179688,-0.65527344,0.28125,0.125,-0.09375,0.0,0.0,0.0
267,1695809619720,-0.7080078,0.3564453,-0.6503906,-0.1875,-0.625,-0.03125,-47.125,5.75,-177.9375
268,1695809619750,-0.70410156,0.34960938,-0.6464844,-0.1875,-0.125,0.28125,0.0,0.0,0.0
269,1695809619779,-0.7001953,0.3515625,-0.6464844,0.40625,-0.125,-0.15625,0.0,0.0,0.0
270,1695809619840,-0.703125,0.34765625,-0.6611328,-0.09375,0.1875,0.03125,0.0,0.0,0.0
271,1695809619871,-0.7158203,0.35058594,-0.66503906,-0.09375,-0.1875,0.03125,0.0,0.0,0.0
272,1695809619901,-0.70410156,0.35058594,-0.6533203,0.09375,-0.125,-0.09375,0.0,0.0,0.0
273,1695809619961,-0.703125,0.35351562,-0.65527344,0.09375,0.25,-0.09375,0.0,0.0,0.0
274,1695809619991,-0.6972656,0.35253906,-0.6660156,0.09375,0.0,-0.15625,0.0,0.0,0.0
275,1695809620052,-0.7138672,0.34765625,-0.65527344,-0.1875,0.125,0.03125,0.0,0.0,0.0
276,1695809620081,-0.7207031,0.3466797,-0.6513672,-0.03125,-0.1875,-0.28125,0.0,0.0,0.0
277,1695809620111,-0.6982422,0.35546875,-0.6542969,0.15625,-0.125,-0.21875,0.0,0.0,0.0
278,1695809620141,-0.7001953,0.35058594,-0.6455078,-0.125,-0.3125,-0.21875,0.0,0.0,0.0
279,1695809620200,-0.703125,0.34765625,-0.65234375,-0.1875,-0.4375,0.15625,0.0,0.0,0.0
280,1695809620230,-0.7060547,0.3564453,-0.64941406,-0.25,-0.0625,-0.03125,-47.875,4.5625,-177.5
281,1695809620259,-0.70996094,0.35546875,-0.6533203,-0.375,-0.3125,-0.03125,0.0,0.0,0.0
282,1695809620323,-0.7080078,0.35546875,-0.671875,-0.125,-0.625,-0.15625,0.0,0.0,0.0
283,1695809620351,-0.6933594,0.35253906,-0.64746094,0.46875,0.3125,-0.09375,0.0,0.0,0.0
284,1695809620413,-0.70214844,0.34277344,-0.6513672,-0.1875,-0.1875,-0.09375,0.0,0.0,0.0
285,1695809620443,-0.6972656,0.34179688,-0.6533203,-0.4375,-0.125,-0.09375,0.0,0.0,0.0
286,1695809620472,-0.7109375,0.35742188,-0.6542969,-0.03125,-0.3125,-0.09375,0.0,0.0,0.0
287,1695809620501,-0.69628906,0.35058594,-0.6611328,0.53125,0.125,-0.15625,0.0,0.0,0.0
288,1695809620564,-0.71191406,0.34960938,-0.64746094,-0.03125,0.0,0.15625,0.0,0.0,0.0
289,1695809620589,-0.69921875,0.35742188,-0.65527344,-0.125,-0.0625,0.15625,0.0,0.0,0.0
290,1695809620619,-0.71191406,0.34960938,-0.6640625,-0.09375,0.1875,-0.03125,0.0,0.0,0.0
291,1695809620680,-0.70703125,0.34472656,-0.6455078,-0.03125,0.0,-0.15625,0.0,0.0,0.0
292,1695809620709,-0.7050781,0.34765625,-0.6533203,0.15625,0.125,-0.21875,-48.125,4.25,-176.125
293,1695809620769,-0.7080078,0.34765625,-0.66503906,-0.09375,0.0,-0.09375,0.0,0.0,0.0
294,1695809620800,-0.7158203,0.35742188,-0.65234375,-0.125,-0.25,0.09375,0.0,0.0,0.0
295,1695809620830,-0.7060547,0.3515625,-0.64941406,-0.03125,-0.25,-0.03125,0.0,0.0,0.0
296,1695809620891,-0.70703125,0.35351562,-0.6503906,-0.03125,-0.125,0.09375,0.0,0.0,0.0
297,1695809620921,-0.7109375,0.3515625,-0.6464844,-0.125,-0.375,-0.03125,0.0,0.0,0.0
298,1695809620951,-0.71191406,0.34960938,-0.6640625,-0.125,-0.1875,-0.15625,0.0,0.0,0.0
299,1695809620979,-0.6972656,0.3564453,-0.66015625,-0.25,-0.1875,0.03125,0.0,0.0,0.0
300,1695809621074,-0.7158203,0.36328125,-0.640625,-0.125,-0.0625,-0.15625,0.0,0.0,0.0
301,1695809621078,-0.71191406,0.3544922,-0.6542969,-0.125,-0.0625,-0.09375,0.0,0.0,0.0
302,1695809621102,-0.7080078,0.3515625,-0.6464844,-0.125,-0.125,-0.15625,0.0,0.0,0.0
303,1695809621165,-0.7109375,0.3544922,-0.6621094,0.03125,-0.1875,-0.34375,0.0,0.0,0.0
304,1695809621192,-0.71777344,0.34765625,-0.6503906,-0.03125,-0.125,-0.15625,0.0,0.0,0.0
305,1695809621222,-0.70410156,0.35546875,-0.6542969,-0.03125,-0.125,0.03125,-47.375,6.8125,-177.1875
306,1695809621280,-0.7080078,0.3544922,-0.65234375,-0.125,-0.25,0.09375,0.0,0.0,0.0
307,1695809621310,-0.7060547,0.35546875,-0.64941406,0.03125,-0.0625,-0.09375,0.0,0.0,0.0
308,1695809621342,-0.70996094,0.35058594,-0.6533203,0.03125,0.0625,0.09375,0.0,0.0,0.0
309,1695809621433,-0.70703125,0.35058594,-0.6621094,-0.1875,-0.125,-0.03125,0.0,0.0,0.0
310,1695809621437,-0.6972656,0.35058594,-0.64941406,-0.03125,0.21875,-0.125,0.0,0.0,0.0
311,1695809621462,-0.7089844,0.3564453,-0.65722656,0.03125,0.09375,-0.0625,0.0,0.0,0.0
312,1695809621527,-0.7089844,0.3486328,-0.65722656,-0.09375,0.03125,0.0625,0.0,0.0,0.0
313,1695809621551,-0.70703125,0.3623047,-0.6582031,0.21875,-0.15625,-0.0625,0.0,0.0,0.0
314,1695809621580,-0.7089844,0.3486328,-0.6503906,0.03125,0.15625,0.0625,0.0,0.0,0.0
315,1695809621644,-0.70703125,0.34765625,-0.6464844,-0.5,-0.28125,0.0625,0.0,0.0,0.0
316,1695809621708,-0.7109375,0.3408203,-0.6533203,0.09375,-0.15625,0.0625,0.0,0.0,0.0
317,1695809621712,-0.7001953,0.35253906,-0.63671875,-0.03125,0.09375,0.0,-49.8125,5.875,-176.75
318,1695809621760,-0.7050781,0.3466797,-0.67089844,-0.21875,0.03125,0.0625,0.0,0.0,0.0
319,1695809621793,-0.7158203,0.35351562,-0.6591797,-0.03125,0.03125,-0.1875,0.0,0.0,0.0
320,1695809621822,-0.71191406,0.35351562,-0.6533203,0.15625,0.15625,-0.125,0.0,0.0,0.0
321,1695809621883,-0.7109375,0.3544922,-0.6582031,0.03125,-0.03125,0.0625,0.0,0.0,0.0
322,1695809621942,-0.7060547,0.34375,-0.65234375,0.21875,-0.03125,0.125,0.0,0.0,0.0
323,1695809621946,-0.70703125,0.36035156,-0.6503906,-0.09375,0.09375,0.125,0.0,0.0,0.0
324,1695809622000,-0.7060547,0.36035156,-0.6621094,-0.09375,-0.15625,0.1875,0.0,0.0,0.0
325,1695809622030,-0.7080078,0.34179688,-0.6455078,-0.09375,0.03125,0.0,0.0,0.0,0.0
326,1695809622061,-0.71191406,0.36035156,-0.6611328,-0.09375,0.53125,0.0,0.0,0.0,0.0
327,1695809622122,-0.7138672,0.36035156,-0.6533203,-0.15625,-0.03125,0.0,0.0,0.0,0.0
328,1695809622152,-0.70703125,0.35253906,-0.6533203,0.28125,0.28125,-0.1875,0.0,0.0,0.0
329,1695809622180,-0.7060547,0.3515625,-0.64941406,-0.03125,0.15625,0.0,0.0,0.0,0.0
330,1695809622241,-0.7109375,0.35546875,-0.6533203,-0.09375,0.03125,0.0,-47.875,7.8125,-176.4375
331,1695809622272,-0.7158203,0.35839844,-0.64746094,-0.03125,0.09375,0.0,0.0,0.0,0.0
332,1695809622302,-0.703125,0.3515625,-0.65722656,-0.21875,-0.03125,0.1875,0.0,0.0,0.0
333,1695809622362,-0.71484375,0.3623047,-0.6513672,-0.03125,0.03125,-0.0625,0.0,0.0,0.0
334,1695809622393,-0.7089844,0.35742188,-0.6533203,-0.15625,0.03125,-0.0625,0.0,0.0,0.0
335,1695809622421,-0.70996094,0.34960938,-0.6582031,-0.28125,0.03125,-0.125,0.0,0.0,0.0
336,1695809622481,-0.7089844,0.34277344,-0.66503906,0.21875,0.03125,0.0,0.0,0.0,0.0
337,1695809622511,-0.70703125,0.35058594,-0.6689453,-0.15625,0.03125,0.0625,0.0,0.0,0.0
338,1695809622540,-0.7128906,0.36035156,-0.6533203,-0.21875,-0.09375,0.0625,0.0,0.0,0.0
339,1695809622601,-0.7080078,0.35546875,-0.6464844,-0.15625,0.03125,-0.0625,0.0,0.0,0.0
340,1695809622632,-0.7080078,0.35351562,-0.6542969,-0.03125,0.28125,0.0625,0.0,0.0,0.0
341,1695809622720,-0.70703125,0.35839844,-0.6533203,0.21875,0.40625,-0.0625,0.0,0.0,0.0
342,1695809622723,-0.70996094,0.35839844,-0.6582031,0.15625,0.28125,-0.25,-47.375,5.75,-177.9375
343,1695809622751,-0.71777344,0.3515625,-0.6484375,0.03125,0.46875,0.0625,0.0,0.0,0.0
344,1695809622785,-0.7109375,0.35351562,-0.6435547,0.09375,0.15625,-0.0625,0.0,0.0,0.0
345,1695809622842,-0.7089844,0.3544922,-0.6503906,0.21875,0.28125,0.0625,0.0,0.0,0.0
346,1695809622872,-0.7158203,0.3486328,-0.6533203,0.09375,0.34375,0.0625,0.0,0.0,0.0
347,1695809622903,-0.703125,0.35839844,-0.6533203,0.03125,0.09375,0.125,0.0,0.0,0.0
348,1695809622961,-0.7080078,0.3544922,-0.65527344,0.09375,0.28125,0.0625,0.0,0.0,0.0
349,1695809622992,-0.70214844,0.3486328,-0.640625,-0.03125,0.28125,0.0625,0.0,0.0,0.0
350,1695809623021,-0.70996094,0.35546875,-0.66308594,0.03125,0.59375,0.0625,0.0,0.0,0.0
351,1695809623079,-0.7109375,0.35058594,-0.6533203,-0.21875,0.53125,0.125,0.0,0.0,0.0
352,1695809623118,-0.7050781,0.3515625,-0.6533203,-0.09375,0.09375,0.0,0.0,0.0,0.0
353,1695809623140,-0.703125,0.3515625,-0.6513672,0.21875,0.40625,0.0,0.0,0.0,0.0
354,1695809623202,-0.71191406,0.35058594,-0.65527344,-0.03125,0.40625,0.1875,0.0,0.0,0.0
355,1695809623230,-0.7089844,0.35742188,-0.6533203,0.03125,0.34375,0.25,-48.3125,8.0,-177.375
356,1695809623262,-0.7109375,0.3466797,-0.6542969,0.21875,0.34375,0.0625,0.0,0.0,0.0
357,1695809623321,-0.70996094,0.3544922,-0.6533203,-0.03125,0.40625,0.0625,0.0,0.0,0.0
358,1695809623351,-0.70996094,0.3564453,-0.6435547,-0.03125,0.65625,0.1875,0.0,0.0,0.0
359,1695809623383,-0.7089844,0.35058594,-0.65234375,0.09375,0.46875,0.0625,0.0,0.0,0.0
360,1695809623441,-0.7050781,0.3623047,-0.6591797,0.15625,0.53125,-0.0625,0.0,0.0,0.0
361,1695809623472,-0.703125,0.35058594,-0.6533203,0.09375,0.40625,0.0625,0.0,0.0,0.0
362,1695809623502,-0.7089844,0.34570312,-0.6611328,-0.03125,0.28125,0.25,0.0,0.0,0.0
363,1695809623563,-0.7060547,0.3544922,-0.6640625,-0.09375,0.03125,0.0625,0.0,0.0,0.0
364,1695809623591,-0.7109375,0.3486328,-0.65722656,-0.03125,0.28125,0.0625,0.0,0.0,0.0
365,1695809623625,-0.7060547,0.3486328,-0.6660156,0.09375,0.21875,0.125,0.0,0.0,0.0
366,1695809623679,-0.70703125,0.35253906,-0.66308594,-0.21875,0.03125,0.1875,0.0,0.0,0.0
367,1695809623713,-0.7109375,0.359375,-0.6533203,-0.03125,0.40625,-0.1875,-47.375,6.0625,-177.1875
368,1695809623743,-0.7128906,0.35546875,-0.66015625,-0.03125,0.34375,-0.0625,0.0,0.0,0.0
369,1695809623804,-0.7060547,0.3515625,-0.6621094,0.09375,-0.03125,0.0625,0.0,0.0,0.0
370,1695809623830,-0.7060547,0.35351562,-0.640625,0.15625,0.28125,0.125,0.0,0.0,0.0
371,1695809623862,-0.7011719,0.3486328,-0.6621094,0.03125,0.28125,0.125,0.0,0.0,0.0
372,1695809623921,-0.703125,0.35839844,-0.6464844,0.03125,0.21875,0.0625,0.0,0.0,0.0
373,1695809623951,-0.70703125,0.34765625,-0.6435547,0.15625,0.15625,-0.0625,0.0,0.0,0.0
374,1695809623981,-0.70703125,0.35058594,-0.66015625,-0.03125,0.34375,0.0625,0.0,0.0,0.0
375,1695809624044,-0.7080078,0.35546875,-0.66308594,0.03125,0.40625,0.1875,0.0,0.0,0.0
376,1695809624070,-0.70703125,0.3486328,-0.65234375,0.34375,0.53125,0.0625,0.0,0.0,0.0
377,1695809624099,-0.7109375,0.35058594,-0.66308594,0.09375,0.46875,-0.1875,0.0,0.0,0.0
378,1695809624161,-0.70410156,0.3515625,-0.6582031,-0.21875,0.09375,0.0625,0.0,0.0,0.0
379,1695809624222,-0.7167969,0.35839844,-0.65722656,0.28125,0.28125,0.0625,0.0,0.0,0.0
380,1695809624225,-0.7128906,0.35058594,-0.6660156,0.84375,0.21875,0.125,-47.375,7.0625,-178.25
381,1695809624283,-0.70703125,0.35742188,-0.66308594,0.21875,-0.15625,0.125,0.0,0.0,0.0
382,1695809624309,-0.7080078,0.35058594,-0.65625,0.09375,0.15625,0.0625,0.0,0.0,0.0
383,1695809624339,-0.69921875,0.35058594,-0.6513672,-0.03125,0.15625,0.125,0.0,0.0,0.0
384,1695809624401,-0.7011719,0.35351562,-0.6591797,-0.21875,-0.03125,0.1875,0.0,0.0,0.0
385,1695809624431,-0.7011719,0.3544922,-0.65234375,0.21875,0.21875,0.125,0.0,0.0,0.0
386,1695809624460,-0.7001953,0.3544922,-0.66015625,0.03125,0.15625,0.0625,0.0,0.0,0.0
387,1695809624523,-0.70996094,0.34765625,-0.65722656,-0.21875,0.28125,0.0,0.0,0.0,0.0
388,1695809624553,-0.703125,0.35351562,-0.6611328,0.15625,-0.03125,-0.0625,0.0,0.0,0.0
389,1695809624583,-0.70214844,0.359375,-0.65527344,-0.09375,0.09375,0.0,0.0,0.0,0.0
390,1695809624645,-0.7060547,0.35058594,-0.6484375,-0.09375,-0.03125,0.1875,0.0,0.0,0.0
391,1695809624673,-0.70214844,0.36035156,-0.6464844,0.28125,0.15625,0.0,0.0,0.0,0.0
392,1695809624701,-0.7001953,0.34960938,-0.65527344,-0.03125,0.28125,-0.0625,-48.625,6.3125,-178.5625
393,1695809624760,-0.6982422,0.35058594,-0.65527344,-0.15625,-0.03125,0.125,0.0,0.0,0.0
394,1695809624792,-0.7060547,0.3544922,-0.65527344,-0.09375,0.15625,0.0,0.0,0.0,0.0
395,1695809624821,-0.70703125,0.33984375,-0.65234375,-0.09375,0.03125,-0.0625,0.0,0.0,0.0
396,1695809624881,-0.7011719,0.35351562,-0.6621094,-0.09375,0.09375,0.0625,0.0,0.0,0.0
397,1695809624912,-0.7060547,0.35546875,-0.6582031,0.21875,0.03125,0.0,0.0,0.0,0.0
398,1695809624972,-0.70410156,0.35546875,-0.6513672,-0.09375,0.09375,0.0,0.0,0.0,0.0
399,1695809625004,-0.7138672,0.3515625,-0.6513672,-0.15625,-0.21875,0.25,0.0,0.0,0.0
400,1695809625033,-0.7089844,0.34960938,-0.65527344,-0.03125,0.09375,-0.0625,0.0,0.0,0.0
401,1695809625068,-0.7158203,0.3486328,-0.66308594,-0.21875,0.09375,0.0625,0.0,0.0,0.0
402,1695809625120,-0.70410156,0.35058594,-0.66015625,-0.34375,0.09375,0.0625,0.0,0.0,0.0
403,1695809625151,-0.70996094,0.35058594,-0.6591797,-0.21875,0.15625,-0.0625,0.0,0.0,0.0
404,1695809625183,-0.7109375,0.34570312,-0.66308594,0.03125,0.15625,0.0,0.0,0.0,0.0
405,1695809625240,-0.6972656,0.3564453,-0.6660156,0.15625,0.34375,-0.125,-46.375,7.0625,-177.9375
406,1695809625272,-0.7060547,0.3564453,-0.64746094,-0.15625,0.15625,-0.0625,0.0,0.0,0.0
407,1695809625302,-0.7050781,0.35546875,-0.66015625,-0.09375,-0.09375,-0.125,0.0,0.0,0.0
408,1695809625361,-0.70996094,0.35839844,-0.6591797,0.09375,0.09375,-0.125,0.0,0.0,0.0
409,1695809625391,-0.7060547,0.35546875,-0.6455078,-0.03125,0.28125,0.0,0.0,0.0,0.0
410,1695809625454,-0.70410156,0.3544922,-0.65625,-0.15625,-0.03125,0.0625,0.0,0.0,0.0
411,1695809625482,-0.7060547,0.3544922,-0.6640625,0.21875,0.15625,0.0,0.0,0.0,0.0
412,1695809625512,-0.70410156,0.359375,-0.6669922,-0.03125,0.21875,0.0625,0.0,0.0,0.0
413,1695809625544,-0.7011719,0.34765625,-0.6591797,-0.15625,-0.03125,0.125,0.0,0.0,0.0
414,1695809625601,-0.7011719,0.35839844,-0.6533203,0.15625,0.28125,-0.0625,0.0,0.0,0.0
415,1695809625633,-0.70410156,0.3544922,-0.65527344,-0.03125,0.21875,0.125,0.0,0.0,0.0
416,1695809625662,-0.7011719,0.34960938,-0.6591797,-0.09375,-0.03125,0.0625,0.0,0.0,0.0
417,1695809625720,-0.70214844,0.35058594,-0.6455078,0.15625,0.15625,0.0,-48.0,6.1875,-176.75
418,1695809625749,-0.7050781,0.35839844,-0.6542969,-0.15625,-0.21875,0.0625,0.0,0.0,0.0
419,1695809625778,-0.7109375,0.35546875,-0.65625,0.21875,-0.03125,0.125,0.0,0.0,0.0
420,1695809625840,-0.69921875,0.35546875,-0.6533203,0.21875,0.15625,0.125,0.0,0.0,0.0
421,1695809625870,-0.7089844,0.34960938,-0.6591797,-0.34375,-0.15625,0.0,0.0,0.0,0.0
422,1695809625902,-0.70214844,0.35546875,-0.65527344,0.09375,0.21875,-0.125,0.0,0.0,0.0
423,1695809625963,-0.7001953,0.3486328,-0.64453125,-0.03125,0.40625,0.0,0.0,0.0,0.0
424,1695809625995,-0.70410156,0.34765625,-0.6542969,-0.03125,0.15625,0.0,0.0,0.0,0.0
425,1695809626025,-0.7089844,0.36132812,-0.6435547,0.28125,0.34375,0.0,0.0,0.0,0.0
426,1695809626082,-0.7050781,0.3544922,-0.66503906,0.15625,0.46875,-0.125,0.0,0.0,0.0
427,1695809626113,-0.7167969,0.3564453,-0.6611328,-0.09375,0.15625,-0.1875,0.0,0.0,0.0
428,1695809626140,-0.7060547,0.35253906,-0.6611328,-0.09375,0.09375,0.0625,0.0,0.0,0.0
429,1695809626200,-0.70996094,0.3544922,-0.65234375,0.03125,0.09375,-0.0625,0.0,0.0,0.0
430,1695809626230,-0.70703125,0.3388672,-0.66015625,-0.15625,0.09375,0.25,-48.125,6.0625,-178.25
431,1695809626259,-0.703125,0.3515625,-0.6533203,-0.15625,-0.15625,0.0,0.0,0.0,0.0
432,1695809626320,-0.7109375,0.3564453,-0.6542969,0.03125,0.09375,0.125,0.0,0.0,0.0
433,1695809626347,-0.70410156,0.35253906,-0.66015625,0.03125,0.09375,0.0,0.0,0.0,0.0
434,1695809626378,-0.7060547,0.35351562,-0.65722656,0.21875,0.40625,-0.0625,0.0,0.0,0.0
435,1695809626437,-0.71191406,0.35546875,-0.64941406,0.09375,0.40625,-0.0625,0.0,0.0,0.0
436,1695809626498,-0.71191406,0.35253906,-0.6484375,-0.28125,0.03125,0.0,0.0,0.0,0.0
437,1695809626500,-0.69921875,0.3544922,-0.64746094,0.21875,0.15625,0.125,0.0,0.0,0.0
438,1695809626558,-0.70703125,0.35839844,-0.6640625,0.15625,0.15625,0.0,0.0,0.0,0.0
439,1695809626587,-0.7080078,0.36328125,-0.6542969,-0.21875,-0.09375,0.1875,0.0,0.0,0.0
440,1695809626619,-0.70703125,0.35253906,-0.6542969,-0.125,-0.15625,0.03125,0.0,0.0,0.0
441,1695809626678,-0.7060547,0.35351562,-0.6621094,-0.1875,-0.15625,-0.09375,0.0,0.0,0.0
442,1695809626710,-0.7011719,0.34765625,-0.6503906,-0.0625,0.0625,-0.03125,-47.25,5.4375,-177.375
443,1695809626737,-0.71875,0.34765625,-0.6513672,0.25,0.0625,-0.15625,0.0,0.0,0.0
444,1695809626798,-0.6982422,0.35546875,-0.65722656,-0.1875,-0.0625,-0.09375,0.0,0.0,0.0
445,1695809626830,-0.7001953,0.3544922,-0.65234375,-0.1875,-0.09375,0.03125,0.0,0.0,0.0
446,1695809626858,-0.6982422,0.3564453,-0.66015625,0.25,0.0625,-0.21875,0.0,0.0,0.0
447,1695809626918,-0.7060547,0.34960938,-0.65722656,-0.0625,0.3125,-0.09375,0.0,0.0,0.0
448,1695809626948,-0.703125,0.35351562,-0.6455078,-0.28125,-0.28125,-0.03125,0.0,0.0,0.0
449,1695809626977,-0.7011719,0.35058594,-0.6582031,0.3125,0.0,-0.15625,0.0,0.0,0.0
450,1695809627040,-0.6972656,0.34472656,-0.6582031,0.3125,-0.0625,-0.21875,0.0,0.0,0.0
451,1695809627069,-0.70410156,0.3515625,-0.6513672,-0.0625,0.0,-0.03125,0.0,0.0,0.0
452,1695809627098,-0.70410156,0.3486328,-0.6533203,0.125,0.0,-0.09375,0.0,0.0,0.0
453,1695809627160,-0.7050781,0.3544922,-0.6611328,-0.0625,-0.09375,-0.03125,0.0,0.0,0.0
454,1695809627189,-0.7011719,0.35742188,-0.65234375,-0.0625,0.0,0.09375,0.0,0.0,0.0
455,1695809627252,-0.7050781,0.35546875,-0.6455078,0.0,0.0625,-0.09375,-47.375,6.3125,-175.875
456,1695809627309,-0.70214844,0.36035156,-0.6484375,-0.0625,0.0,-0.15625,0.0,0.0,0.0
457,1695809627311,-0.703125,0.3486328,-0.6660156,0.0625,0.0,-0.09375,0.0,0.0,0.0
458,1695809627339,-0.7011719,0.35742188,-0.64941406,0.0625,-0.0625,0.03125,0.0,0.0,0.0
459,1695809627400,-0.703125,0.35351562,-0.65234375,-0.0625,-0.21875,0.09375,0.0,0.0,0.0
460,1695809627430,-0.7050781,0.3466797,-0.66308594,-0.125,-0.0625,-0.03125,0.0,0.0,0.0
461,1695809627461,-0.703125,0.35351562,-0.6308594,-0.0625,-0.09375,-0.09375,0.0,0.0,0.0
462,1695809627522,-0.7060547,0.35546875,-0.64746094,-0.125,-0.09375,-0.03125,0.0,0.0,0.0
463,1695809627582,-0.70410156,0.3486328,-0.6455078,-0.1875,-0.09375,0.1875,0.0,0.0,0.0
464,1695809627586,-0.70703125,0.34375,-0.6484375,-0.0625,0.0,0.03125,0.0,0.0,0.0
465,1695809627641,-0.69628906,0.3544922,-0.6542969,0.25,0.125,-0.03125,0.0,0.0,0.0
466,1695809627670,-0.7089844,0.35742188,-0.65722656,-0.0625,0.0,-0.09375,0.0,0.0,0.0
467,1695809627704,-0.70703125,0.34765625,-0.6464844,0.0,0.0625,-0.03125,-47.6875,6.1875,-178.6875
468,1695809627761,-0.7138672,0.35839844,-0.65234375,0.25,0.0625,-0.15625,0.0,0.0,0.0
469,1695809627791,-0.70214844,0.36035156,-0.6533203,-0.125,-0.09375,0.09375,0.0,0.0,0.0
470,1695809627820,-0.70996094,0.3515625,-0.6533203,-0.0625,0.125,-0.03125,0.0,0.0,0.0
471,1695809627880,-0.7011719,0.35253906,-0.6542969,0.0625,0.125,-0.09375,0.0,0.0,0.0
472,1695809627940,-0.7080078,0.3564453,-0.64941406,0.0625,0.0625,-0.03125,0.0,0.0,0.0
473,1695809627945,-0.70410156,0.36132812,-0.65527344,-0.125,0.0625,0.03125,0.0,0.0,0.0
474,1695809628001,-0.6982422,0.3515625,-0.6435547,-0.21875,-0.0625,-0.09375,0.0,0.0,0.0
475,1695809628031,-0.70703125,0.34765625,-0.65722656,-0.0625,0.0,-0.03125,0.0,0.0,0.0
476,1695809628061,-0.7060547,0.3515625,-0.66503906,-0.125,-0.09375,-0.09375,0.0,0.0,0.0
477,1695809628121,-0.71484375,0.3515625,-0.6542969,0.0,0.0625,0.03125,0.0,0.0,0.0
478,1695809628150,-0.7080078,0.3564453,-0.65527344,-0.1875,-0.28125,-0.03125,0.0,0.0,0.0
479,1695809628180,-0.7109375,0.35351562,-0.64746094,-0.125,-0.09375,-0.09375,0.0,0.0,0.0
480,1695809628240,-0.7001953,0.36132812,-0.6689453,-0.125,-0.0625,-0.03125,-48.125,4.25,-176.4375
481,1695809628270,-0.71191406,0.3515625,-0.66503906,-0.40625,-0.0625,0.09375,0.0,0.0,0.0
482,1695809628361,-0.703125,0.35742188,-0.6464844,-0.28125,-0.09375,-0.03125,0.0,0.0,0.0
483,1695809628364,-0.7050781,0.3544922,-0.640625,0.0625,0.0,-0.09375,0.0,0.0,0.0
484,1695809628390,-0.6972656,0.3623047,-0.6689453,0.0625,0.1875,-0.03125,0.0,0.0,0.0
485,1695809628451,-0.71191406,0.35546875,-0.6484375,-0.0625,0.0625,-0.15625,0.0,0.0,0.0
486,1695809628481,-0.7089844,0.34960938,-0.6542969,-0.125,-0.15625,-0.09375,0.0,0.0,0.0
487,1695809628510,-0.7060547,0.34960938,-0.6611328,0.125,0.0625,-0.09375,0.0,0.0,0.0
488,1695809628540,-0.6933594,0.3564453,-0.6591797,0.0,0.0,0.15625,0.0,0.0,0.0
489,1695809628605,-0.7089844,0.35253906,-0.66308594,0.125,-0.0625,0.03125,0.0,0.0,0.0
490,1695809628630,-0.70703125,0.35839844,-0.6533203,-0.0625,0.0,-0.03125,0.0,0.0,0.0
491,1695809628658,-0.7011719,0.36132812,-0.66015625,-0.34375,-0.40625,-0.03125,0.0,0.0,0.0
492,1695809628719,-0.7060547,0.3544922,-0.65527344,0.25,0.1875,-0.15625,-48.0,5.875,-178.125
493,1695809628779,-0.70214844,0.3544922,-0.64941406,0.0625,0.125,-0.15625,0.0,0.0,0.0
494,1695809628781,-0.69921875,0.35839844,-0.6582031,-0.65625,-0.34375,0.09375,0.0,0.0,0.0
495,1695809628840,-0.70996094,0.35351562,-0.6621094,0.1875,0.4375,-0.03125,0.0,0.0,0.0
496,1695809628871,-0.70410156,0.34570312,-0.6484375,0.375,-0.09375,-0.15625,0.0,0.0,0.0
497,1695809628903,-0.7089844,0.3486328,-0.65234375,0.125,0.3125,0.03125,0.0,0.0,0.0
498,1695809628962,-0.7080078,0.3515625,-0.6591797,-0.0625,0.0,-0.03125,0.0,0.0,0.0
499,1695809628992,-0.70214844,0.35839844,-0.66503906,-0.1875,-0.09375,-0.03125,0.0,0.0,0.0
500,1695809629022,-0.70214844,0.3564453,-0.65234375,0.0625,-0.0625,-0.15625,0.0,0.0,0.0
501,1695809629079,-0.7050781,0.35058594,-0.6591797,-0.21875,-0.15625,0.09375,0.0,0.0,0.0
502,1695809629112,-0.70410156,0.3544922,-0.64453125,-0.0625,0.0625,-0.03125,0.0,0.0,0.0
503,1695809629140,-0.70703125,0.35546875,-0.65625,-0.28125,-0.21875,-0.15625,0.0,0.0,0.0
504,1695809629199,-0.7080078,0.35253906,-0.65625,-0.21875,-0.46875,-0.15625,0.0,0.0,0.0
505,1695809629229,-0.69921875,0.3564453,-0.64941406,0.1875,0.0,-0.15625,-47.875,6.0625,-179.0
506,1695809629288,-0.7109375,0.3623047,-0.6513672,-0.1875,-0.28125,0.09375,0.0,0.0,0.0
507,1695809629320,-0.7080078,0.3544922,-0.65625,0.1875,0.0,0.03125,0.0,0.0,0.0
508,1695809629348,-0.7089844,0.35351562,-0.65527344,0.0625,0.1875,-0.09375,0.0,0.0,0.0
509,1695809629408,-0.71191406,0.3564453,-0.64746094,0.0625,0.0625,-0.03125,0.0,0.0,0.0
510,1695809629439,-0.70214844,0.36035156,-0.65625,0.25,0.4375,-0.03125,0.0,0.0,0.0
511,1695809629473,-0.6982422,0.34960938,-0.6484375,-0.0625,0.375,-0.21875,0.0,0.0,0.0
512,1695809629528,-0.71191406,0.34765625,-0.66015625,-0.1875,-0.0625,-0.03125,0.0,0.0,0.0
513,1695809629557,-0.70703125,0.35058594,-0.6513672,0.4375,0.1875,0.03125,0.0,0.0,0.0
514,1695809629587,-0.70214844,0.35058594,-0.66015625,0.1875,0.0,-0.03125,0.0,0.0,0.0
515,1695809629648,-0.70703125,0.35546875,-0.6464844,-0.0625,-0.0625,0.03125,0.0,0.0,0.0
516,1695809629680,-0.6982422,0.34765625,-0.65625,-0.125,-0.09375,0.03125,0.0,0.0,0.0
517,1695809629709,-0.7060547,0.359375,-0.6591797,-0.1875,-0.34375,-0.03125,-48.0,5.875,-176.75
518,1695809629767,-0.7080078,0.3544922,-0.65625,-0.125,-0.0625,-0.03125,0.0,0.0,0.0
519,1695809629797,-0.69921875,0.34765625,-0.66015625,0.1875,0.125,0.03125,0.0,0.0,0.0
520,1695809629830,-0.703125,0.35058594,-0.6513672,0.125,-0.15625,0.1875,0.0,0.0,0.0
521,1695809629889,-0.70410156,0.3486328,-0.6640625,-0.125,0.375,0.09375,0.0,0.0,0.0
522,1695809629920,-0.7060547,0.34472656,-0.6542969,-0.59375,-0.59375,-0.21875,0.0,0.0,0.0
523,1695809629948,-0.71191406,0.3564453,-0.65527344,-0.125,-0.40625,-0.15625,0.0,0.0,0.0
524,1695809630008,-0.7050781,0.3466797,-0.6542969,0.3125,-0.0625,0.09375,0.0,0.0,0.0
525,1695809630039,-0.70410156,0.35058594,-0.65722656,-0.21875,-0.15625,0.1875,0.0,0.0,0.0
526,1695809630068,-0.70214844,0.3544922,-0.6591797,-0.125,-0.09375,0.09375,0.0,0.0,0.0
527,1695809630130,-0.70703125,0.3466797,-0.65527344,0.3125,0.0,-0.03125,0.0,0.0,0.0
528,1695809630191,-0.703125,0.3642578,-0.6533203,-0.1875,0.25,0.09375,0.0,0.0,0.0
529,1695809630193,-0.703125,0.35742188,-0.6464844,0.0,0.1875,-0.09375,0.0,0.0,0.0
530,1695809630249,-0.7050781,0.35253906,-0.6542969,-0.0625,0.1875,-0.21875,-47.125,6.0625,-176.4375
531,1695809630282,-0.703125,0.3544922,-0.6542969,-0.1875,-0.09375,-0.15625,0.0,0.0,0.0
532,1695809630307,-0.7089844,0.3564453,-0.64941406,-0.0625,-0.09375,0.03125,0.0,0.0,0.0
533,1695809630369,-0.7011719,0.3544922,-0.6582031,-0.1875,-0.28125,-0.03125,0.0,0.0,0.0
534,1695809630400,-0.69433594,0.34960938,-0.6669922,-0.28125,-0.34375,0.09375,0.0,0.0,0.0
535,1695809630430,-0.7109375,0.35351562,-0.6660156,-0.1875,-0.28125,0.03125,0.0,0.0,0.0
536,1695809630492,-0.7167969,0.35058594,-0.6533203,-0.21875,-0.34375,-0.03125,0.0,0.0,0.0
537,1695809630523,-0.703125,0.3564453,-0.6611328,-0.46875,-0.15625,0.09375,0.0,0.0,0.0
538,1695809630550,-0.7050781,0.35351562,-0.64453125,-0.125,-0.09375,-0.09375,0.0,0.0,0.0
539,1695809630612,-0.703125,0.35058594,-0.65234375,0.1875,0.125,-0.15625,0.0,0.0,0.0
540,1695809630639,-0.7128906,0.34960938,-0.64453125,-0.40625,0.0,-0.09375,0.0,0.0,0.0
541,1695809630670,-0.7080078,0.34765625,-0.66308594,0.125,-0.09375,-0.15625,0.0,0.0,0.0
542,1695809630733,-0.703125,0.3466797,-0.64160156,0.0,0.0625,-0.03125,-47.125,6.0625,-176.125
543,1695809630762,-0.70996094,0.35839844,-0.6591797,-0.40625,-0.34375,0.03125,0.0,0.0,0.0
544,1695809630791,-0.7089844,0.34765625,-0.66015625,0.125,-0.0625,-0.03125,0.0,0.0,0.0
545,1695809630849,-0.703125,0.3544922,-0.65722656,0.25,0.125,-0.09375,0.0,0.0,0.0
546,1695809630880,-0.7060547,0.3466797,-0.65234375,-0.1875,-0.21875,0.09375,0.0,0.0,0.0
547,1695809630912,-0.7089844,0.3564453,-0.64941406,-0.125,0.0,0.03125,0.0,0.0,0.0
548,1695809631000,-0.70703125,0.35351562,-0.64941406,0.125,0.1875,0.09375,0.0,0.0,0.0
549,1695809631004,-0.71484375,0.3466797,-0.6542969,0.0,0.125,-0.09375,0.0,0.0,0.0
550,1695809631062,-0.7080078,0.34960938,-0.66308594,-0.125,0.0,0.09375,0.0,0.0,0.0
551,1695809631091,-0.7011719,0.36328125,-0.66308594,-0.125,-0.09375,-0.03125,0.0,0.0,0.0
552,1695809631125,-0.70996094,0.35742188,-0.6591797,-0.21875,-0.15625,-0.03125,0.0,0.0,0.0
553,1695809631151,-0.7060547,0.36132812,-0.65234375,-0.21875,-0.15625,0.03125,0.0,0.0,0.0
554,1695809631211,-0.7109375,0.3544922,-0.6621094,-0.28125,-0.46875,0.03125,0.0,0.0,0.0
555,1695809631242,-0.70410156,0.35351562,-0.6464844,-0.34375,-0.28125,-0.03125,-48.0,5.875,-177.0625
556,1695809631272,-0.7128906,0.35546875,-0.65234375,-0.34375,-0.34375,0.09375,0.0,0.0,0.0
557,1695809631361,-0.703125,0.35351562,-0.6669922,-0.125,-0.15625,0.09375,0.0,0.0,0.0
558,1695809631363,-0.70996094,0.3486328,-0.65722656,-0.125,0.0,-0.03125,0.0,0.0,0.0
559,1695809631391,-0.70996094,0.35351562,-0.64746094,-0.21875,-0.21875,0.09375,0.0,0.0,0.0
560,1695809631451,-0.7060547,0.35839844,-0.6484375,0.125,0.125,0.09375,0.0,0.0,0.0
561,1695809631488,-0.7060547,0.35742188,-0.6689453,0.0,0.25,-0.15625,0.0,0.0,0.0
562,1695809631519,-0.69921875,0.35058594,-0.63378906,-0.1875,-0.09375,-0.15625,0.0,0.0,0.0
563,1695809631607,-0.703125,0.35351562,-0.6621094,-0.1875,-0.0625,-0.03125,0.0,0.0,0.0
564,1695809631610,-0.69921875,0.35839844,-0.6455078,0.125,0.0,0.03125,0.0,0.0,0.0
565,1695809631632,-0.70214844,0.36328125,-0.6513672,0.0625,0.0625,0.09375,0.0,0.0,0.0
566,1695809631723,-0.7138672,0.3544922,-0.65722656,-0.125,0.0,-0.09375,-47.25,5.875,-177.625
567,1695809631726,-0.6972656,0.35839844,-0.6484375,-0.40625,-0.09375,-0.03125,0.0,0.0,0.0
568,1695809631752,-0.7011719,0.36132812,-0.6640625,-0.0625,0.125,0.03125,0.0,0.0,0.0
569,1695809631812,-0.703125,0.35839844,-0.6503906,-0.1875,-0.09375,-0.15625,0.0,0.0,0.0
570,1695809631841,-0.6982422,0.3564453,-0.65527344,-0.21875,-0.21875,0.15625,0.0,0.0,0.0
571,1695809631872,-0.70703125,0.35058594,-0.6513672,0.0,-0.0625,-0.03125,0.0,0.0,0.0
572,1695809631934,-0.7080078,0.34960938,-0.64746094,-0.21875,-0.09375,0.09375,0.0,0.0,0.0
573,1695809631961,-0.71484375,0.36328125,-0.6464844,-0.40625,-0.34375,0.09375,0.0,0.0,0.0
574,1695809631990,-0.71484375,0.35546875,-0.64453125,-0.1875,-0.21875,-0.03125,0.0,0.0,0.0
575,1695809632049,-0.7089844,0.35351562,-0.65625,-0.28125,-0.09375,0.03125,0.0,0.0,0.0
576,1695809632080,-0.7001953,0.35351562,-0.6435547,-0.34375,-0.40625,0.03125,0.0,0.0,0.0
577,1695809632110,-0.7080078,0.359375,-0.6582031,-0.125,-0.0625,-0.03125,0.0,0.0,0.0
578,1695809632169,-0.70214844,0.35742188,-0.65625,-0.28125,-0.09375,-0.03125,0.0,0.0,0.0
579,1695809632200,-0.71484375,0.35742188,-0.64453125,-0.21875,-0.09375,0.03125,0.0,0.0,0.0
580,1695809632229,-0.7060547,0.36132812,-0.64941406,0.1875,0.125,-0.03125,-47.875,5.75,-177.9375
581,1695809632288,-0.70703125,0.3486328,-0.6464844,0.125,0.0,-0.03125,0.0,0.0,0.0
582,1695809632318,-0.70996094,0.34570312,-0.6533203,0.0,0.125,-0.21875,0.0,0.0,0.0
583,1695809632348,-0.71191406,0.3515625,-0.65234375,-0.125,0.0,-0.15625,0.0,0.0,0.0
584,1695809632409,-0.7109375,0.36132812,-0.6542969,-0.1875,-0.21875,0.03125,0.0,0.0,0.0
585,1695809632441,-0.70996094,0.35839844,-0.6503906,0.1875,0.1875,-0.03125,0.0,0.0,0.0
586,1695809632470,-0.703125,0.3466797,-0.6542969,0.0625,-0.0625,-0.03125,0.0,0.0,0.0
587,1695809632531,-0.7011719,0.35546875,-0.65722656,-0.34375,-0.0625,0.03125,0.0,0.0,0.0
588,1695809632559,-0.7109375,0.35253906,-0.6582031,-0.28125,-0.09375,0.03125,0.0,0.0,0.0
589,1695809632590,-0.6972656,0.359375,-0.6513672,-0.21875,-0.21875,-0.03125,0.0,0.0,0.0
590,1695809632651,-0.7050781,0.36035156,-0.65527344,-0.1875,-0.09375,0.03125,0.0,0.0,0.0
591,1695809632681,-0.70703125,0.3515625,-0.64746094,0.0625,-0.09375,-0.03125,0.0,0.0,0.0
592,1695809632711,-0.7001953,0.34960938,-0.6484375,-0.0625,-0.40625,-0.09375,-48.125,6.3125,-178.25
593,1695809632771,-0.7080078,0.35546875,-0.6582031,-0.34375,-0.0625,-0.09375,0.0,0.0,0.0
594,1695809632800,-0.7060547,0.35742188,-0.66308594,0.0625,0.0625,0.03125,0.0,0.0,0.0
595,1695809632828,-0.7080078,0.35839844,-0.6484375,-0.125,-0.28125,0.03125,0.0,0.0,0.0
596,1695809632889,-0.7089844,0.35351562,-0.6503906,-0.1875,0.0,-0.03125,0.0,0.0,0.0
597,1695809632920,-0.70996094,0.359375,-0.6464844,-0.1875,-0.15625,-0.09375,0.0,0.0,0.0
598,1695809632950,-0.70996094,0.3486328,-0.6484375,-0.0625,0.0,-0.09375,0.0,0.0,0.0
599,1695809633012,-0.7080078,0.359375,-0.6533203,0.25,0.125,-0.03125,0.0,0.0,0.0
600,1695809633040,-0.7011719,0.3486328,-0.6503906,-0.0625,0.0,0.09375,0.0,0.0,0.0
601,1695809633101,-0.70410156,0.35058594,-0.6591797,-0.125,-0.0625,-0.09375,0.0,0.0,0.0
602,1695809633131,-0.7050781,0.3515625,-0.6591797,0.28125,0.375,-0.09375,0.0,0.0,0.0
603,1695809633162,-0.69921875,0.3515625,-0.6533203,0.21875,0.0625,-0.09375,0.0,0.0,0.0
604,1695809633191,-0.70703125,0.34570312,-0.6455078,-0.15625,-0.0625,0.03125,0.0,0.0,0.0
605,1695809633251,-0.7060547,0.35546875,-0.6542969,0.46875,0.0625,-0.21875,-48.625,7.8125,-176.875
606,1695809633282,-0.6982422,0.34960938,-0.65625,0.28125,0.3125,-0.03125,0.0,0.0,0.0
607,1695809633341,-0.70214844,0.35742188,-0.6582031,-0.03125,0.0625,-0.09375,0.0,0.0,0.0
608,1695809633369,-0.70703125,0.3486328,-0.6533203,-0.03125,0.0,0.03125,0.0,0.0,0.0
609,1695809633400,-0.7080078,0.35742188,-0.65527344,0.03125,0.0625,0.03125,0.0,0.0,0.0
610,1695809633429,-0.7060547,0.35742188,-0.65625,-0.09375,0.125,-0.03125,0.0,0.0,0.0
611,1695809633490,-0.703125,0.3564453,-0.6533203,-0.03125,0.0,-0.09375,0.0,0.0,0.0
612,1695809633522,-0.70410156,0.3544922,-0.6533203,-0.15625,-0.25,-0.15625,0.0,0.0,0.0
613,1695809633550,-0.7080078,0.36132812,-0.6513672,-0.21875,0.0,0.03125,0.0,0.0,0.0
614,1695809633612,-0.7109375,0.35351562,-0.64941406,-0.15625,-0.28125,-0.03125,0.0,0.0,0.0
615,1695809633643,-0.7109375,0.35351562,-0.66308594,-0.03125,-0.1875,0.03125,0.0,0.0,0.0
616,1695809633671,-0.7089844,0.35546875,-0.65625,-0.03125,-0.0625,-0.03125,0.0,0.0,0.0
617,1695809633732,-0.70410156,0.3564453,-0.66015625,-0.15625,0.0,-0.03125,-46.9375,6.625,-176.75
618,1695809633763,-0.7109375,0.35839844,-0.6621094,-0.03125,0.1875,0.09375,0.0,0.0,0.0
619,1695809633792,-0.7109375,0.3623047,-0.6455078,0.28125,0.1875,-0.15625,0.0,0.0,0.0
620,1695809633852,-0.69921875,0.359375,-0.66015625,0.03125,0.375,-0.09375,0.0,0.0,0.0
621,1695809633880,-0.7089844,0.36132812,-0.65625,-0.21875,0.0625,-0.15625,0.0,0.0,0.0
622,1695809633941,-0.70996094,0.3544922,-0.66308594,0.09375,-0.1875,0.03125,0.0,0.0,0.0
623,1695809633968,-0.70410156,0.35058594,-0.65527344,0.40625,0.125,-0.03125,0.0,0.0,0.0
624,1695809634002,-0.70703125,0.3544922,-0.6533203,-0.03125,0.0,0.09375,0.0,0.0,0.0
625,1695809634029,-0.7060547,0.35839844,-0.6503906,-0.03125,0.0,0.15625,0.0,0.0,0.0
626,1695809634096,-0.70410156,0.35351562,-0.6582031,0.03125,0.0625,-0.09375,0.0,0.0,0.0
627,1695809634125,-0.7080078,0.34375,-0.65722656,-0.09375,0.125,0.03125,0.0,0.0,0.0
628,1695809634151,-0.7080078,0.35058594,-0.6464844,0.15625,0.4375,-0.03125,0.0,0.0,0.0
629,1695809634212,-0.71484375,0.3466797,-0.6533203,0.03125,0.0625,-0.15625,0.0,0.0,0.0
630,1695809634241,-0.7060547,0.34375,-0.65234375,-0.15625,0.0,-0.15625,-47.6875,6.9375,-178.375
631,1695809634272,-0.69921875,0.359375,-0.64746094,0.03125,0.125,0.03125,0.0,0.0,0.0
632,1695809634333,-0.70214844,0.35839844,-0.6582031,0.15625,0.0,-0.03125,0.0,0.0,0.0
633,1695809634362,-0.70410156,0.35742188,-0.65722656,-0.09375,-0.125,-0.03125,0.0,0.0,0.0
634,1695809634391,-0.70703125,0.35742188,-0.6503906,-0.34375,-0.28125,0.03125,0.0,0.0,0.0
635,1695809634453,-0.69433594,0.35839844,-0.6503906,-0.34375,-0.25,-0.03125,0.0,0.0,0.0
636,1695809634482,-0.703125,0.35253906,-0.65234375,-0.15625,0.0,0.03125,0.0,0.0,0.0
637,1695809634513,-0.7080078,0.36523438,-0.65722656,0.09375,0.0625,-0.15625,0.0,0.0,0.0
638,1695809634571,-0.70410156,0.34472656,-0.6621094,-0.03125,0.125,-0.03125,0.0,0.0,0.0
639,1695809634604,-0.70410156,0.35546875,-0.65625,-0.28125,-0.25,-0.09375,0.0,0.0,0.0
640,1695809634631,-0.7050781,0.3515625,-0.65722656,0.21875,0.125,-0.15625,0.0,0.0,0.0
641,1695809634691,-0.70410156,0.36035156,-0.65234375,0.21875,0.0625,0.21875,0.0,0.0,0.0
642,1695809634722,-0.69628906,0.3486328,-0.6582031,-0.03125,-0.0625,0.09375,-47.6875,7.6875,-177.625
643,1695809634750,-0.7080078,0.35839844,-0.65234375,0.09375,0.1875,-0.15625,0.0,0.0,0.0
644,1695809634812,-0.70996094,0.35351562,-0.6503906,-0.09375,-0.0625,0.03125,0.0,0.0,0.0
645,1695809634841,-0.7080078,0.35351562,-0.6484375,0.15625,0.3125,0.03125,0.0,0.0,0.0
646,1695809634870,-0.7080078,0.35546875,-0.64941406,0.15625,0.3125,-0.03125,0.0,0.0,0.0
647,1695809634930,-0.7138672,0.35351562,-0.6533203,-0.09375,-0.0625,-0.03125,0.0,0.0,0.0
648,1695809634960,-0.703125,0.35839844,-0.6582031,0.03125,0.0625,0.09375,0.0,0.0,0.0
649,1695809634990,-0.7080078,0.3564453,-0.64453125,0.03125,0.0625,-0.03125,0.0,0.0,0.0
650,1695809635052,-0.7080078,0.3544922,-0.65625,-0.03125,-0.0625,-0.03125,0.0,0.0,0.0
651,1695809635082,-0.7060547,0.34960938,-0.6669922,-0.375,0.0,-0.03125,0.0,0.0,0.0
652,1695809635112,-0.7080078,0.35253906,-0.6464844,-0.03125,0.0,-0.15625,0.0,0.0,0.0
653,1695809635171,-0.7109375,0.34765625,-0.6611328,-0.03125,-0.0625,-0.03125,0.0,0.0,0.0
654,1695809635201,-0.7109375,0.34960938,-0.6455078,0.09375,0.125,-0.09375,0.0,0.0,0.0
655,1695809635232,-0.7060547,0.3515625,-0.64453125,0.28125,0.25,-0.15625,-47.25,6.9375,-177.625
656,1695809635295,-0.703125,0.3544922,-0.65625,0.03125,0.25,-0.03125,0.0,0.0,0.0
657,1695809635322,-0.7011719,0.36035156,-0.6621094,0.09375,0.0625,-0.03125,0.0,0.0,0.0
658,1695809635350,-0.7089844,0.35839844,-0.6435547,0.21875,0.1875,0.03125,0.0,0.0,0.0
659,1695809635440,-0.70996094,0.34765625,-0.6542969,0.09375,0.3125,-0.03125,0.0,0.0,0.0
660,1695809635444,-0.70410156,0.35351562,-0.6542969,0.03125,0.125,0.03125,0.0,0.0,0.0
661,1695809635471,-0.70703125,0.35253906,-0.6591797,0.03125,0.25,-0.03125,0.0,0.0,0.0
662,1695809635563,-0.7011719,0.3486328,-0.6533203,-0.09375,0.0,0.15625,0.0,0.0,0.0
663,1695809635565,-0.7011719,0.3515625,-0.6464844,0.15625,0.25,-0.03125,0.0,0.0,0.0
664,1695809635624,-0.703125,0.34960938,-0.65722656,0.09375,0.375,-0.15625,0.0,0.0,0.0
665,1695809635649,-0.7001953,0.3623047,-0.6582031,-0.15625,-0.125,-0.09375,0.0,0.0,0.0
666,1695809635680,-0.7080078,0.35546875,-0.66015625,0.21875,0.0625,-0.03125,0.0,0.0,0.0
667,1695809635712,-0.70410156,0.36132812,-0.6513672,-0.03125,-0.125,0.09375,-47.125,7.0625,-177.5
668,1695809635771,-0.703125,0.36035156,-0.6582031,-0.09375,0.0,0.03125,0.0,0.0,0.0
669,1695809635802,-0.703125,0.35058594,-0.66015625,-0.15625,-0.125,-0.09375,0.0,0.0,0.0
670,1695809635830,-0.70703125,0.34765625,-0.6484375,-0.28125,-0.1875,0.09375,0.0,0.0,0.0
671,1695809635895,-0.7109375,0.35351562,-0.67089844,-0.28125,-0.0625,0.03125,0.0,0.0,0.0
672,1695809635921,-0.70410156,0.35058594,-0.63378906,0.28125,0.1875,-0.03125,0.0,0.0,0.0
673,1695809635962,-0.70214844,0.36035156,-0.6611328,0.09375,0.25,-0.03125,0.0,0.0,0.0
674,1695809636009,-0.7080078,0.36035156,-0.6533203,0.21875,-0.0625,-0.34375,0.0,0.0,0.0
675,1695809636039,-0.7060547,0.35546875,-0.6542969,0.40625,0.0,-0.5625,0.0,0.0,0.0
676,1695809636071,-0.6972656,0.35058594,-0.6582031,0.34375,-0.125,-0.03125,0.0,0.0,0.0
677,1695809636132,-0.7080078,0.35742188,-0.6591797,-0.21875,0.3125,0.09375,0.0,0.0,0.0
678,1695809636163,-0.70410156,0.36035156,-0.65722656,-0.03125,0.0,0.03125,0.0,0.0,0.0
679,1695809636192,-0.7060547,0.3564453,-0.67285156,-0.15625,-0.125,0.09375,0.0,0.0,0.0
680,1695809636251,-0.70214844,0.3544922,-0.6503906,-0.09375,0.0,0.03125,-48.0,7.25,-178.6875
681,1695809636282,-0.6923828,0.3466797,-0.6533203,-0.09375,0.25,0.09375,0.0,0.0,0.0
682,1695809636311,-0.7080078,0.35742188,-0.65625,-0.09375,-0.0625,-0.09375,0.0,0.0,0.0
683,1695809636404,-0.7060547,0.35546875,-0.6591797,0.03125,0.0625,-0.09375,0.0,0.0,0.0
684,1695809636407,-0.7050781,0.35058594,-0.6455078,0.09375,-0.0625,-0.03125,0.0,0.0,0.0
685,1695809636431,-0.71191406,0.34375,-0.6591797,0.09375,0.125,-0.03125,0.0,0.0,0.0
686,1695809636489,-0.7109375,0.359375,-0.6503906,-0.09375,-0.0625,-0.03125,0.0,0.0,0.0
687,1695809636522,-0.6972656,0.35546875,-0.6464844,-0.09375,0.125,0.03125,0.0,0.0,0.0
688,1695809636549,-0.70703125,0.3564453,-0.66015625,-0.15625,-0.125,-0.09375,0.0,0.0,0.0
689,1695809636611,-0.7207031,0.3486328,-0.66308594,-0.09375,0.0,0.15625,0.0,0.0,0.0
690,1695809636643,-0.7001953,0.34960938,-0.64941406,0.28125,0.25,0.03125,0.0,0.0,0.0
691,1695809636671,-0.703125,0.35546875,-0.6503906,0.03125,0.25,-0.09375,0.0,0.0,0.0
692,1695809636732,-0.703125,0.35742188,-0.640625,-0.03125,0.0,-0.15625,-47.375,5.75,-176.4375
693,1695809636769,-0.7080078,0.35839844,-0.6621094,0.09375,-0.0625,-0.21875,0.0,0.0,0.0
694,1695809636791,-0.6953125,0.3486328,-0.6503906,-0.03125,0.0,-0.03125,0.0,0.0,0.0
695,1695809636852,-0.7080078,0.3544922,-0.65234375,0.03125,0.0,0.03125,0.0,0.0,0.0
696,1695809636881,-0.70214844,0.3515625,-0.65527344,0.28125,0.0625,-0.15625,0.0,0.0,0.0
697,1695809636911,-0.7050781,0.3486328,-0.6582031,0.03125,0.0625,-0.09375,0.0,0.0,0.0
698,1695809636970,-0.7080078,0.35546875,-0.6513672,0.03125,0.125,0.09375,0.0,0.0,0.0
699,1695809637003,-0.7060547,0.35351562,-0.6503906,-0.03125,0.1875,0.03125,0.0,0.0,0.0
700,1695809637030,-0.7060547,0.34960938,-0.65234375,0.0625,0.0,0.0625,0.0,0.0,0.0
701,1695809637092,-0.70996094,0.3486328,-0.6455078,0.125,-0.125,-0.0625,0.0,0.0,0.0
702,1695809637122,-0.7089844,0.3642578,-0.6621094,0.25,-0.125,0.0625,0.0,0.0,0.0
703,1695809637152,-0.703125,0.34765625,-0.65625,0.0625,-0.0625,0.0625,0.0,0.0,0.0
704,1695809637212,-0.69921875,0.35058594,-0.66015625,-0.125,-0.1875,-0.125,0.0,0.0,0.0
705,1695809637242,-0.70410156,0.35546875,-0.6591797,-0.375,0.0625,0.125,-48.625,7.0625,-177.9375
706,1695809637274,-0.7060547,0.3515625,-0.6533203,-0.1875,-0.0625,0.0625,0.0,0.0,0.0
707,1695809637332,-0.70996094,0.3564453,-0.6611328,-0.3125,-0.0625,0.0625,0.0,0.0,0.0
708,1695809637362,-0.70996094,0.3466797,-0.64941406,-0.0625,-0.125,0.0,0.0,0.0,0.0
709,1695809637388,-0.7060547,0.3515625,-0.6621094,0.0625,0.125,0.0,0.0,0.0,0.0
710,1695809637449,-0.70410156,0.35742188,-0.6464844,-0.25,-0.0625,0.125,0.0,0.0,0.0
711,1695809637479,-0.7138672,0.3544922,-0.6376953,-0.1875,-0.3125,-0.0625,0.0,0.0,0.0
712,1695809637510,-0.70214844,0.36132812,-0.65625,0.3125,0.0625,-0.125,0.0,0.0,0.0
713,1695809637569,-0.7011719,0.3564453,-0.65625,0.0625,0.0625,0.125,0.0,0.0,0.0
714,1695809637601,-0.7001953,0.35546875,-0.65234375,0.0,-0.125,0.0,0.0,0.0,0.0
715,1695809637631,-0.7050781,0.3671875,-0.64746094,0.0,0.125,-0.125,0.0,0.0,0.0
716,1695809637690,-0.7001953,0.35253906,-0.6542969,-0.0625,-0.0625,-0.0625,0.0,0.0,0.0
717,1695809637722,-0.69628906,0.3515625,-0.64941406,0.0,0.0,0.125,-48.875,6.8125,-177.5
718,1695809637782,-0.69921875,0.35351562,-0.64941406,0.0,0.0,-0.0625,0.0,0.0,0.0
719,1695809637811,-0.70410156,0.34960938,-0.6582031,-0.125,-0.25,-0.0625,0.0,0.0,0.0
720,1695809637841,-0.70996094,0.3515625,-0.65625,-0.1875,-0.125,-0.0625,0.0,0.0,0.0
721,1695809637901,-0.71191406,0.35839844,-0.6513672,0.0,-0.125,-0.0625,0.0,0.0,0.0
722,1695809637931,-0.6982422,0.35839844,-0.6542969,0.0,-0.125,0.0,0.0,0.0,0.0
723,1695809637961,-0.70410156,0.35742188,-0.6503906,-0.25,-0.3125,0.0,0.0,0.0,0.0
724,1695809637990,-0.70703125,0.3623047,-0.65234375,-0.25,-0.3125,0.0625,0.0,0.0,0.0
725,1695809638052,-0.7089844,0.35351562,-0.64160156,-0.125,-0.3125,-0.0625,0.0,0.0,0.0
726,1695809638080,-0.7080078,0.34960938,-0.6533203,-0.3125,-0.40625,0.0,0.0,0.0,0.0
727,1695809638111,-0.70214844,0.36132812,-0.6503906,-0.0625,-0.1875,0.0,0.0,0.0,0.0
728,1695809638172,-0.70996094,0.359375,-0.6435547,0.0,0.0,-0.125,0.0,0.0,0.0
729,1695809638215,-0.71191406,0.35839844,-0.64453125,0.0,0.125,-0.125,0.0,0.0,0.0
730,1695809638232,-0.703125,0.34960938,-0.6513672,0.0,0.0,-0.125,-46.375,5.75,-177.9375
731,1695809638291,-0.71191406,0.35742188,-0.6464844,0.125,-0.0625,-0.25,0.0,0.0,0.0
732,1695809638322,-0.70214844,0.35742188,-0.6484375,0.0625,0.125,0.0625,0.0,0.0,0.0
733,1695809638351,-0.703125,0.35742188,-0.6425781,0.0625,-0.125,0.125,0.0,0.0,0.0
734,1695809638413,-0.7109375,0.3564453,-0.65527344,0.0,0.0,-0.125,0.0,0.0,0.0
735,1695809638442,-0.7001953,0.3544922,-0.6640625,-0.125,-0.125,0.125,0.0,0.0,0.0
736,1695809638472,-0.7109375,0.3544922,-0.6503906,-0.125,-0.25,-0.0625,0.0,0.0,0.0
737,1695809638533,-0.7089844,0.35351562,-0.6591797,0.1875,0.125,-0.1875,0.0,0.0,0.0
738,1695809638562,-0.7011719,0.3515625,-0.6611328,-0.4375,-0.25,-0.0625,0.0,0.0,0.0
739,1695809638653,-0.6953125,0.36035156,-0.65234375,-0.3125,-0.34375,-0.1875,0.0,0.0,0.0
740,1695809638656,-0.70996094,0.3564453,-0.6455078,-0.1875,-0.125,0.0,0.0,0.0,0.0
741,1695809638684,-0.7060547,0.35742188,-0.65722656,0.0625,-0.34375,-0.0625,0.0,0.0,0.0
742,1695809638711,-0.7089844,0.34765625,-0.6503906,0.0,0.0,0.0625,-46.9375,7.6875,-176.3125
743,1695809638777,-0.70703125,0.3564453,-0.64453125,-0.375,-0.46875,0.1875,0.0,0.0,0.0
744,1695809638801,-0.70214844,0.35058594,-0.6591797,-0.1875,-0.40625,0.0625,0.0,0.0,0.0
745,1695809638831,-0.7050781,0.35058594,-0.6533203,0.0,0.0,-0.0625,0.0,0.0,0.0
746,1695809638892,-0.7011719,0.35742188,-0.6484375,-0.0625,-0.25,-0.0625,0.0,0.0,0.0
747,1695809638922,-0.69628906,0.359375,-0.6513672,0.125,0.1875,0.0,0.0,0.0,0.0
748,1695809638956,-0.70996094,0.34570312,-0.6513672,-0.125,-0.0625,-0.0625,0.0,0.0,0.0
749,1695809639009,-0.7089844,0.34472656,-0.6503906,0.0625,-0.125,-0.0625,0.0,0.0,0.0
750,1695809639040,-0.70996094,0.35839844,-0.66503906,0.25,-0.1875,-0.125,0.0,0.0,0.0
751,1695809639068,-0.7060547,0.34960938,-0.6357422,0.1875,0.0625,-0.125,0.0,0.0,0.0
752,1695809639132,-0.7109375,0.35351562,-0.6464844,0.1875,0.125,0.125,0.0,0.0,0.0
753,1695809639191,-0.7001953,0.3466797,-0.6455078,0.125,0.1875,0.0625,0.0,0.0,0.0
754,1695809639221,-0.7109375,0.36621094,-0.6542969,-0.0625,0.0,0.1875,0.0,0.0,0.0
755,1695809639248,-0.70703125,0.35546875,-0.6591797,0.0625,0.125,0.0,-46.5,7.25,-177.375
756,1695809639277,-0.7080078,0.3544922,-0.6542969,0.125,0.0,-0.1875,0.0,0.0,0.0
757,1695809639308,-0.7080078,0.35546875,-0.6533203,-0.125,-0.125,-0.125,0.0,0.0,0.0
758,1695809639368,-0.70703125,0.35742188,-0.65527344,0.0625,-0.125,0.0625,0.0,0.0,0.0
759,1695809639398,-0.7080078,0.35253906,-0.6484375,0.125,-0.1875,0.0,0.0,0.0,0.0
760,1695809639428,-0.7001953,0.35351562,-0.6464844,-0.0625,-0.25,0.125,0.0,0.0,0.0
761,1695809639487,-0.7089844,0.3544922,-0.6533203,-0.1875,-0.125,0.0,0.0,0.0,0.0
762,1695809639518,-0.69921875,0.34960938,-0.65234375,-0.1875,-0.3125,0.0,0.0,0.0,0.0
763,1695809639547,-0.71777344,0.3544922,-0.6513672,-0.3125,-0.25,0.1875,0.0,0.0,0.0
764,1695809639607,-0.7158203,0.34765625,-0.6503906,0.125,0.0625,0.0,0.0,0.0,0.0
765,1695809639637,-0.6904297,0.3515625,-0.63378906,0.1875,0.0625,-0.125,0.0,0.0,0.0
766,1695809639669,-0.7060547,0.35546875,-0.66796875,-0.3125,-0.125,0.125,0.0,0.0,0.0
767,1695809639727,-0.70410156,0.3564453,-0.6640625,0.125,-0.1875,-0.1875,-47.125,6.3125,-177.5
768,1695809639787,-0.7001953,0.35351562,-0.6591797,-0.0625,-0.0625,0.1875,0.0,0.0,0.0
769,1695809639789,-0.703125,0.3544922,-0.6533203,-0.0625,-0.25,0.125,0.0,0.0,0.0
770,1695809639849,-0.6972656,0.35742188,-0.6591797,0.25,0.0625,0.0625,0.0,0.0,0.0
771,1695809639878,-0.703125,0.35839844,-0.6621094,0.125,0.125,0.0,0.0,0.0,0.0
772,1695809639907,-0.7138672,0.35742188,-0.66503906,-0.3125,-0.1875,0.1875,0.0,0.0,0.0
773,1695809639967,-0.70703125,0.3515625,-0.6640625,-0.0625,-0.125,-0.0625,0.0,0.0,0.0
774,1695809639997,-0.69921875,0.3466797,-0.6669922,-0.0625,-0.125,-0.25,0.0,0.0,0.0
775,1695809640027,-0.70214844,0.3564453,-0.66015625,-0.0625,-0.0625,-0.0625,0.0,0.0,0.0
776,1695809640089,-0.7060547,0.359375,-0.6542969,0.0,-0.0625,0.0625,0.0,0.0,0.0
777,1695809640118,-0.70214844,0.35546875,-0.6591797,-0.0625,-0.0625,0.125,0.0,0.0,0.0
778,1695809640180,-0.7109375,0.35742188,-0.65527344,-0.125,-0.53125,0.0,0.0,0.0,0.0
779,1695809640209,-0.69433594,0.35546875,-0.6533203,0.125,-0.125,0.0625,-48.125,6.3125,-176.4375
780,1695809640238,-0.7080078,0.3564453,-0.65722656,-0.25,-0.25,0.1875,0.0,0.0,0.0
781,1695809640301,-0.6953125,0.3623047,-0.63964844,-0.25,-0.125,0.1875,0.0,0.0,0.0
782,1695809640329,-0.70703125,0.35058594,-0.65527344,0.1875,0.1875,0.0625,0.0,0.0,0.0
783,1695809640360,-0.7050781,0.3544922,-0.64746094,0.0625,0.0625,-0.0625,0.0,0.0,0.0
784,1695809640390,-0.70996094,0.3623047,-0.65625,0.0625,0.1875,0.0625,0.0,0.0,0.0
785,1695809640455,-0.70214844,0.359375,-0.64941406,0.0,0.1875,0.0,0.0,0.0,0.0
786,1695809640480,-0.7109375,0.3544922,-0.65234375,0.125,0.0625,-0.1875,0.0,0.0,0.0
787,1695809640511,-0.7089844,0.36035156,-0.65722656,0.0625,-0.0625,0.125,0.0,0.0,0.0
788,1695809640570,-0.703125,0.3466797,-0.6464844,0.0,0.0,0.1875,0.0,0.0,0.0
789,1695809640631,-0.7001953,0.34960938,-0.66503906,-0.0625,-0.1875,0.0625,0.0,0.0,0.0
790,1695809640634,-0.7060547,0.35351562,-0.65234375,-0.0625,-0.0625,0.125,0.0,0.0,0.0
791,1695809640692,-0.70410156,0.35742188,-0.6640625,-0.0625,-0.0625,0.125,0.0,0.0,0.0
792,1695809640722,-0.70410156,0.35546875,-0.65625,-0.125,-0.125,0.125,-47.6875,5.4375,-176.0
793,1695809640752,-0.70703125,0.35253906,-0.64941406,-0.125,-0.25,0.0,0.0,0.0,0.0
794,1695809640811,-0.70410156,0.34472656,-0.6484375,-0.375,-0.34375,0.0625,0.0,0.0,0.0
795,1695809640842,-0.71484375,0.35742188,-0.6533203,-0.25,-0.34375,0.1875,0.0,0.0,0.0
796,1695809640870,-0.6972656,0.3564453,-0.6425781,-0.0625,-0.25,0.125,0.0,0.0,0.0
797,1695809640928,-0.7109375,0.359375,-0.6542969,-0.0625,-0.0625,0.0625,0.0,0.0,0.0
798,1695809640959,-0.70410156,0.3623047,-0.65234375,0.0,0.125,0.125,0.0,0.0,0.0
799,1695809640991,-0.70703125,0.35546875,-0.64746094,0.1875,0.125,0.0,0.0,0.0,0.0
800,1695809641049,-0.7011719,0.3564453,-0.6533203,0.0,0.1875,0.0,0.0,0.0,0.0
801,1695809641080,-0.70410156,0.359375,-0.66308594,0.0,0.1875,-0.125,0.0,0.0,0.0
802,1695809641110,-0.7001953,0.3564453,-0.64941406,0.0,0.125,0.0625,0.0,0.0,0.0
803,1695809641171,-0.7089844,0.36035156,-0.6640625,0.125,0.0,0.0625,0.0,0.0,0.0
804,1695809641202,-0.70214844,0.359375,-0.65234375,0.25,-0.0625,-0.0625,-46.9375,6.1875,-177.0625
805,1695809641230,-0.7089844,0.35253906,-0.65234375,-0.1875,-0.0625,-0.0625,0.0,0.0,0.0
806,1695809641293,-0.7236328,0.3515625,-0.66503906,-0.1875,-0.34375,-0.0625,0.0,0.0,0.0
807,1695809641322,-0.69921875,0.34960938,-0.6533203,0.0625,0.0,0.0,0.0,0.0,0.0
808,1695809641350,-0.7060547,0.35546875,-0.6533203,0.0625,-0.25,0.0625,0.0,0.0,0.0
809,1695809641412,-0.70703125,0.3486328,-0.66015625,-0.0625,-0.34375,0.0,0.0,0.0,0.0
810,1695809641440,-0.70214844,0.3623047,-0.6503906,0.0,0.1875,0.0,0.0,0.0,0.0
811,1695809641471,-0.69921875,0.35742188,-0.6513672,-0.0625,-0.1875,-0.125,0.0,0.0,0.0
812,1695809641531,-0.6972656,0.3486328,-0.65625,-0.1875,0.0625,0.0625,0.0,0.0,0.0
813,1695809641563,-0.69433594,0.34960938,-0.6591797,0.0,0.0625,-0.125,0.0,0.0,0.0
814,1695809641592,-0.7060547,0.36035156,-0.66015625,-0.125,-0.25,0.0625,0.0,0.0,0.0
815,1695809641653,-0.70214844,0.35839844,-0.65234375,0.0625,-0.0625,-0.0625,0.0,0.0,0.0
816,1695809641709,-0.69921875,0.35058594,-0.65234375,0.0625,-0.34375,-0.0625,0.0,0.0,0.0
817,1695809641712,-0.70703125,0.34960938,-0.6386719,-0.25,-0.46875,0.125,-48.0,6.1875,-178.125
818,1695809641771,-0.7011719,0.36035156,-0.6513672,-0.0625,-0.40625,0.0,0.0,0.0,0.0
819,1695809641801,-0.70703125,0.3564453,-0.6455078,-0.125,-0.40625,-0.0625,0.0,0.0,0.0
820,1695809641831,-0.71484375,0.3544922,-0.64941406,-0.125,-0.1875,0.0625,0.0,0.0,0.0
821,1695809641899,-0.69921875,0.35058594,-0.6582031,0.0,0.0,-0.0625,0.0,0.0,0.0
822,1695809641920,-0.70410156,0.35742188,-0.6533203,0.0,-0.1875,0.0,0.0,0.0,0.0
823,1695809641950,-0.703125,0.35546875,-0.6621094,0.0,0.0,-0.125,0.0,0.0,0.0
824,1695809642010,-0.70410156,0.35742188,-0.6503906,-0.0625,-0.0625,-0.0625,0.0,0.0,0.0
825,1695809642041,-0.7080078,0.3466797,-0.65527344,-0.0625,-0.125,0.0,0.0,0.0,0.0
826,1695809642071,-0.7080078,0.35742188,-0.6464844,-0.0625,-0.34375,-0.1875,0.0,0.0,0.0
827,1695809642132,-0.70214844,0.35058594,-0.6542969,-0.125,-0.34375,0.0625,0.0,0.0,0.0
828,1695809642161,-0.7060547,0.34277344,-0.6513672,0.3125,-0.0625,0.25,0.0,0.0,0.0
829,1695809642192,-0.7080078,0.36035156,-0.6455078,0.0,0.0,0.1875,-48.0,6.1875,-179.75
830,1695809642252,-0.7060547,0.36132812,-0.6533203,-0.34375,-0.03125,-0.125,0.0,0.0,0.0
831,1695809642280,-0.69628906,0.3515625,-0.65625,-0.0625,0.03125,-0.1875,0.0,0.0,0.0
832,1695809642311,-0.7001953,0.3564453,-0.6503906,-0.09375,-0.03125,0.0,0.0,0.0,0.0
833,1695809642375,-0.6982422,0.35058594,-0.65527344,0.0,0.03125,-0.0625,0.0,0.0,0.0
834,1695809642401,-0.70703125,0.359375,-0.6533203,-0.09375,-0.09375,-0.0625,0.0,0.0,0.0
835,1695809642461,-0.7128906,0.35058594,-0.6621094,-0.0625,-0.25,0.0,0.0,0.0,0.0
836,1695809642492,-0.7060547,0.34960938,-0.65234375,-0.0625,-0.09375,0.0625,0.0,0.0,0.0
837,1695809642522,-0.7080078,0.359375,-0.6582031,-0.15625,-0.1875,0.0625,0.0,0.0,0.0
838,1695809642551,-0.71484375,0.35351562,-0.6582031,-0.0625,-0.5,0.0625,0.0,0.0,0.0
839,1695809642610,-0.7060547,0.3564453,-0.6533203,0.0625,-0.6875,0.0,0.0,0.0,0.0
840,1695809642640,-0.70703125,0.3564453,-0.6533203,0.1875,-0.125,0.25,0.0,0.0,0.0
841,1695809642671,-0.7128906,0.359375,-0.6503906,0.0,-0.09375,0.3125,0.0,0.0,0.0
842,1695809642732,-0.7089844,0.36523438,-0.6533203,-0.0625,0.21875,0.0,-47.6875,5.875,-179.4375
843,1695809642760,-0.70996094,0.3564453,-0.65625,-0.34375,-0.03125,-0.1875,0.0,0.0,0.0
844,1695809642791,-0.71875,0.36035156,-0.64453125,0.125,0.21875,-0.25,0.0,0.0,0.0
845,1695809642852,-0.70703125,0.35058594,-0.64746094,0.3125,0.40625,-0.1875,0.0,0.0,0.0
846,1695809642882,-0.71777344,0.3564453,-0.6503906,-0.15625,-0.09375,0.0625,0.0,0.0,0.0
847,1695809642923,-0.7011719,0.3564453,-0.6435547,0.4375,0.34375,-0.125,0.0,0.0,0.0
848,1695809642972,-0.70703125,0.35351562,-0.65234375,0.0,0.15625,0.125,0.0,0.0,0.0
849,1695809643001,-0.7138672,0.359375,-0.64941406,0.0,-0.09375,0.0,0.0,0.0,0.0
850,1695809643031,-0.7011719,0.3544922,-0.66308594,0.25,0.59375,-0.125,0.0,0.0,0.0
851,1695809643090,-0.70410156,0.34570312,-0.6640625,-0.21875,0.15625,0.0,0.0,0.0,0.0
852,1695809643120,-0.71191406,0.35839844,-0.6699219,0.25,0.03125,0.0,0.0,0.0,0.0
853,1695809643151,-0.7060547,0.35351562,-0.6591797,0.5625,0.40625,-0.125,0.0,0.0,0.0
854,1695809643210,-0.7011719,0.3564453,-0.65234375,-0.21875,-0.03125,0.125,-47.875,5.3125,-177.5
855,1695809643243,-0.70410156,0.35351562,-0.6582031,-0.0625,-0.09375,0.125,0.0,0.0,0.0
856,1695809643269,-0.7060547,0.35546875,-0.6513672,0.375,0.09375,-0.1875,0.0,0.0,0.0
857,1695809643330,-0.703125,0.3544922,-0.65722656,-0.34375,0.09375,0.1875,0.0,0.0,0.0
858,1695809643362,-0.6972656,0.35253906,-0.6542969,-0.09375,-0.1875,0.0625,0.0,0.0,0.0
859,1695809643390,-0.70703125,0.3544922,-0.64453125,0.0,0.21875,-0.0625,0.0,0.0,0.0
860,1695809643452,-0.7050781,0.3564453,-0.6503906,-0.28125,-0.03125,-0.0625,0.0,0.0,0.0
861,1695809643484,-0.70214844,0.3544922,-0.6503906,-0.09375,-0.125,-0.125,0.0,0.0,0.0
862,1695809643511,-0.70703125,0.35351562,-0.6455078,0.25,-0.03125,-0.25,0.0,0.0,0.0
863,1695809643572,-0.70703125,0.35351562,-0.6533203,-0.28125,-0.03125,0.0625,0.0,0.0,0.0
864,1695809643630,-0.70410156,0.35742188,-0.65625,-0.0625,-0.3125,0.125,0.0,0.0,0.0
865,1695809643637,-0.70703125,0.34570312,-0.65625,0.25,0.15625,0.0,0.0,0.0,0.0
866,1695809643689,-0.7050781,0.3564453,-0.6455078,-0.15625,0.03125,0.0,0.0,0.0,0.0
867,1695809643720,-0.70703125,0.359375,-0.6621094,-0.09375,-0.09375,0.0625,-46.8125,7.0625,-179.0
868,1695809643751,-0.70703125,0.34570312,-0.6542969,0.125,0.15625,-0.125,0.0,0.0,0.0
869,1695809643810,-0.703125,0.359375,-0.6503906,-0.28125,0.03125,0.0625,0.0,0.0,0.0
870,1695809643870,-0.7011719,0.34765625,-0.65625,-0.09375,-0.09375,-0.0625,0.0,0.0,0.0
871,1695809643873,-0.70703125,0.3564453,-0.6464844,0.0,-0.125,-0.125,0.0,0.0,0.0
872,1695809643970,-0.6972656,0.3564453,-0.64746094,-0.28125,-0.25,0.125,0.0,0.0,0.0
873,1695809643972,-0.7128906,0.3544922,-0.6640625,-0.21875,-0.3125,0.125,0.0,0.0,0.0
874,1695809643992,-0.70410156,0.36523438,-0.65527344,-0.0625,-0.03125,0.0625,0.0,0.0,0.0
875,1695809644078,-0.70996094,0.36621094,-0.64453125,-0.21875,-0.125,0.125,0.0,0.0,0.0
876,1695809644080,-0.7089844,0.35742188,-0.6484375,-0.0625,-0.125,-0.1875,0.0,0.0,0.0
877,1695809644138,-0.7109375,0.35253906,-0.6503906,-0.15625,-0.09375,-0.125,0.0,0.0,0.0
878,1695809644168,-0.7089844,0.359375,-0.66308594,-0.09375,-0.03125,0.0,0.0,0.0,0.0
879,1695809644197,-0.7089844,0.3564453,-0.64746094,0.25,0.21875,-0.1875,-47.875,7.375,-178.25
880,1695809644230,-0.7080078,0.3623047,-0.6533203,-0.0625,0.21875,0.0,0.0,0.0,0.0
881,1695809644292,-0.70996094,0.35351562,-0.640625,-0.0625,0.03125,-0.125,0.0,0.0,0.0
882,1695809644319,-0.7109375,0.35546875,-0.64746094,0.1875,0.21875,-0.1875,0.0,0.0,0.0
883,1695809644348,-0.7089844,0.35058594,-0.66015625,-0.15625,-0.03125,0.0625,0.0,0.0,0.0
884,1695809644410,-0.7011719,0.3544922,-0.66015625,0.0,0.03125,0.125,0.0,0.0,0.0
885,1695809644441,-0.69921875,0.35351562,-0.65234375,0.3125,0.21875,0.0625,0.0,0.0,0.0
886,1695809644470,-0.70703125,0.35546875,-0.6484375,-0.21875,0.03125,0.0625,0.0,0.0,0.0
887,1695809644531,-0.70996094,0.3515625,-0.64746094,-0.09375,-0.09375,0.1875,0.0,0.0,0.0
888,1695809644560,-0.7001953,0.3515625,-0.6533203,0.0,0.15625,0.0,0.0,0.0,0.0
889,1695809644588,-0.7080078,0.3466797,-0.6435547,-0.0625,0.09375,-0.0625,0.0,0.0,0.0
890,1695809644648,-0.6982422,0.3515625,-0.66503906,-0.21875,-0.1875,-0.0625,0.0,0.0,0.0
891,1695809644678,-0.70214844,0.35546875,-0.66308594,0.0,-0.03125,-0.0625,0.0,0.0,0.0
